Arizona,Ark Little Rock,0.81559550685432303
Arizona,Austin Peay,0.81752722217987528
Arizona,Baylor,0.50768819408482702
Arizona,Buffalo,0.76802669855638506
Arizona,Butler,0.57289450178674406
Arizona,California,0.59662636116198553
Arizona,Chattanooga,0.81189787283349679
Arizona,Cincinnati,0.57558327123426911
Arizona,Colorado,0.56865614735620551
Arizona,Connecticut,0.53206590154413902
Arizona,CS Bakersfield,0.78780274374405324
Arizona,Dayton,0.35541813030736635
Arizona,Duke,0.5505793973950639
Arizona,F Dickinson,0.86789953909711548
Arizona,FL Gulf Coast,0.80049591916355944
Arizona,Fresno St,0.64071996959487232
Arizona,Gonzaga,0.47968377026314968
Arizona,Hampton,0.86342170330444845
Arizona,Hawaii,0.71353416309441364
Arizona,Holy Cross,0.56565524705600712
Arizona,Indiana,0.51453351091722455
Arizona,Iona,0.77149719552520579
Arizona,Iowa,0.33338937600396112
Arizona,Iowa St,0.52878171813196295
Arizona,Kansas,0.38585827439403253
Arizona,Kentucky,0.54674615498310686
Arizona,Maryland,0.46534694375265456
Arizona,Miami FL,0.51185486348559639
Arizona,Michigan,0.60944815798512331
Arizona,Michigan St,0.24056729452069137
Arizona,MTSU,0.79886638282390521
Arizona,North Carolina,0.44206653735042661
Arizona,Northern Iowa,0.58677916347341819
Arizona,Notre Dame,0.48041304812804669
Arizona,Oklahoma,0.55489261109620247
Arizona,Oregon,0.44851073795874674
Arizona,Oregon St,0.59458132477104497
Arizona,Pittsburgh,0.58911066116119837
Arizona,Providence,0.57950030953358722
Arizona,Purdue,0.51390997103522751
Arizona,S Dakota St,0.7302349653214163
Arizona,Seton Hall,0.53248205618137745
Arizona,SF Austin,0.58526936062438106
Arizona,Southern Univ,0.86979835818675355
Arizona,St Joseph's PA,0.62080657236740422
Arizona,Stony Brook,0.76310093624840869
Arizona,Syracuse,0.60170846601096084
Arizona,Temple,0.62868866651120969
Arizona,Texas,0.58320065335116489
Arizona,Texas A&M,0.36964003935748879
Arizona,Texas Tech,0.64187146788282745
Arizona,Tulsa,0.68433569962877205
Arizona,UNC Asheville,0.85891414526238974
Arizona,UNC Wilmington,0.53564713690799437
Arizona,USC,0.69491572238203636
Arizona,Utah,0.46744094486940302
Arizona,VA Commonwealth,0.59482596525892006
Arizona,Vanderbilt,0.65887634915667481
Arizona,Villanova,0.19075792208475495
Arizona,Virginia,0.29543085030392924
Arizona,Weber St,0.83464657745666249
Arizona,West Virginia,0.59829008242900228
Arizona,WI Green Bay,0.78345086801419828
Arizona,Wichita St,0.59302812244528447
Arizona,Wisconsin,0.52649690311991049
Arizona,Xavier,0.60169013985578124
Arizona,Yale,0.78577007273190924
Ark Little Rock,Austin Peay,0.74548549635624917
Ark Little Rock,Baylor,0.17645193693939532
Ark Little Rock,Buffalo,0.43189900564386341
Ark Little Rock,Butler,0.32944950804661571
Ark Little Rock,California,0.43342153802174371
Ark Little Rock,Chattanooga,0.52445440275768385
Ark Little Rock,Cincinnati,0.12976782145822108
Ark Little Rock,Colorado,0.18759495384713798
Ark Little Rock,Connecticut,0.43073453684262369
Ark Little Rock,CS Bakersfield,0.37875341498959458
Ark Little Rock,Dayton,0.18535448931776111
Ark Little Rock,Duke,0.17552669215549632
Ark Little Rock,F Dickinson,0.70092421678133121
Ark Little Rock,FL Gulf Coast,0.59167365063138
Ark Little Rock,Fresno St,0.14156472635481376
Ark Little Rock,Gonzaga,0.17985896995105416
Ark Little Rock,Hampton,0.77288061362797578
Ark Little Rock,Hawaii,0.29766599106663011
Ark Little Rock,Holy Cross,0.74273561955765155
Ark Little Rock,Indiana,0.17757186419101251
Ark Little Rock,Iona,0.25054504972014718
Ark Little Rock,Iowa,0.13129404431548503
Ark Little Rock,Iowa St,0.17951217792170043
Ark Little Rock,Kansas,0.12476114396225511
Ark Little Rock,Kentucky,0.12559489823218634
Ark Little Rock,Maryland,0.1274770619701448
Ark Little Rock,Miami FL,0.12697773740757584
Ark Little Rock,Michigan,0.13553403782069096
Ark Little Rock,Michigan St,0.1249184924351438
Ark Little Rock,MTSU,0.56508747591582043
Ark Little Rock,North Carolina,0.1246244654278645
Ark Little Rock,Northern Iowa,0.24060609892726736
Ark Little Rock,Notre Dame,0.22973208352503122
Ark Little Rock,Oklahoma,0.12617202593986074
Ark Little Rock,Oregon,0.17539641641359072
Ark Little Rock,Oregon St,0.1428285390112855
Ark Little Rock,Pittsburgh,0.18198857345031377
Ark Little Rock,Providence,0.18040006986625295
Ark Little Rock,Purdue,0.12746014751418466
Ark Little Rock,S Dakota St,0.55424826374708192
Ark Little Rock,Seton Hall,0.18031248855833409
Ark Little Rock,SF Austin,0.38982215014512084
Ark Little Rock,Southern Univ,0.70867003168941878
Ark Little Rock,St Joseph's PA,0.38749608944636843
Ark Little Rock,Stony Brook,0.32550760705426185
Ark Little Rock,Syracuse,0.43421570888121735
Ark Little Rock,Temple,0.18930805574583892
Ark Little Rock,Texas,0.1814077134204474
Ark Little Rock,Texas A&M,0.17927340781517498
Ark Little Rock,Texas Tech,0.39209177958126545
Ark Little Rock,Tulsa,0.19014794046232897
Ark Little Rock,UNC Asheville,0.66597336694196885
Ark Little Rock,UNC Wilmington,0.50815303210542129
Ark Little Rock,USC,0.24320735748596617
Ark Little Rock,Utah,0.17791073647510558
Ark Little Rock,VA Commonwealth,0.38291921060094952
Ark Little Rock,Vanderbilt,0.13505836804981111
Ark Little Rock,Villanova,0.1749362299346533
Ark Little Rock,Virginia,0.12660968515708299
Ark Little Rock,Weber St,0.31425793583222406
Ark Little Rock,West Virginia,0.12545460253430746
Ark Little Rock,WI Green Bay,0.45571938274019663
Ark Little Rock,Wichita St,0.18277950173058516
Ark Little Rock,Wisconsin,0.12920286624424804
Ark Little Rock,Xavier,0.17581051593130032
Ark Little Rock,Yale,0.50868634260631318
Austin Peay,Baylor,0.12084093853373386
Austin Peay,Buffalo,0.18493655869977371
Austin Peay,Butler,0.12257138639052946
Austin Peay,California,0.12441833724725147
Austin Peay,Chattanooga,0.38341820018050776
Austin Peay,Cincinnati,0.12236155043497782
Austin Peay,Colorado,0.17396051013743108
Austin Peay,Connecticut,0.12352422550824181
Austin Peay,CS Bakersfield,0.24804807337824145
Austin Peay,Dayton,0.12471874634418388
Austin Peay,Duke,0.12063123797104618
Austin Peay,F Dickinson,0.2426589486825339
Austin Peay,FL Gulf Coast,0.50364933370377085
Austin Peay,Fresno St,0.17513645331917585
Austin Peay,Gonzaga,0.12255546339072539
Austin Peay,Hampton,0.32116858870985876
Austin Peay,Hawaii,0.37724572767708037
Austin Peay,Holy Cross,0.33547957697229325
Austin Peay,Indiana,0.17105095586724334
Austin Peay,Iona,0.42824997791065345
Austin Peay,Iowa,0.12301669586375862
Austin Peay,Iowa St,0.12181895247987555
Austin Peay,Kansas,0.16930484016570146
Austin Peay,Kentucky,0.12076500965157946
Austin Peay,Maryland,0.12150028372648165
Austin Peay,Miami FL,0.12121088988206837
Austin Peay,Michigan,0.12484567978494816
Austin Peay,Michigan St,0.12069512166503182
Austin Peay,MTSU,0.18142711271970624
Austin Peay,North Carolina,0.11969625794095977
Austin Peay,Northern Iowa,0.17525466649024266
Austin Peay,Notre Dame,0.12271656031250418
Austin Peay,Oklahoma,0.12080329243478526
Austin Peay,Oregon,0.12059259652681488
Austin Peay,Oregon St,0.17533307440661841
Austin Peay,Pittsburgh,0.12319022592074204
Austin Peay,Providence,0.12318008315113366
Austin Peay,Purdue,0.12148747613108522
Austin Peay,S Dakota St,0.12901037822213915
Austin Peay,Seton Hall,0.12290273139530528
Austin Peay,SF Austin,0.22476882588236033
Austin Peay,Southern Univ,0.65038682726090236
Austin Peay,St Joseph's PA,0.12479958447065602
Austin Peay,Stony Brook,0.18353741445223565
Austin Peay,Syracuse,0.12406045318422282
Austin Peay,Temple,0.12550410183707661
Austin Peay,Texas,0.12353650288527408
Austin Peay,Texas A&M,0.12251212209282882
Austin Peay,Texas Tech,0.17513101592350011
Austin Peay,Tulsa,0.174753935739977
Austin Peay,UNC Asheville,0.21698208796076218
Austin Peay,UNC Wilmington,0.37978762506002639
Austin Peay,USC,0.12635807655986084
Austin Peay,Utah,0.12168714317378651
Austin Peay,VA Commonwealth,0.12358540302961168
Austin Peay,Vanderbilt,0.17335342235533599
Austin Peay,Villanova,0.1200462643489569
Austin Peay,Virginia,0.12072424308668135
Austin Peay,Weber St,0.14383102126875352
Austin Peay,West Virginia,0.12052378361238483
Austin Peay,WI Green Bay,0.12929231131283647
Austin Peay,Wichita St,0.12426830352853778
Austin Peay,Wisconsin,0.12248469814425907
Austin Peay,Xavier,0.12069414682075773
Austin Peay,Yale,0.38006513483509585
Baylor,Buffalo,0.82819676734548764
Baylor,Butler,0.63282540905825857
Baylor,California,0.60924763290487727
Baylor,Chattanooga,0.7707110199304128
Baylor,Cincinnati,0.5859178922478171
Baylor,Colorado,0.58281229193945538
Baylor,Connecticut,0.64319612559624273
Baylor,CS Bakersfield,0.84202161787340835
Baylor,Dayton,0.51875956013661739
Baylor,Duke,0.50536039362127105
Baylor,F Dickinson,0.86957505347206054
Baylor,FL Gulf Coast,0.85238629381008924
Baylor,Fresno St,0.70543735599365043
Baylor,Gonzaga,0.59058474118495319
Baylor,Hampton,0.86477831398755356
Baylor,Hawaii,0.77792634778254222
Baylor,Holy Cross,0.86756761597648602
Baylor,Indiana,0.37338799602962691
Baylor,Iona,0.48557819201208674
Baylor,Iowa,0.64467763713833626
Baylor,Iowa St,0.58963224125134517
Baylor,Kansas,0.23948575676289971
Baylor,Kentucky,0.2507915883765347
Baylor,Maryland,0.5742942340677234
Baylor,Miami FL,0.3201468770037903
Baylor,Michigan,0.52306997957919132
Baylor,Michigan St,0.19383438430192018
Baylor,MTSU,0.81105894122257549
Baylor,North Carolina,0.24567308517683512
Baylor,Northern Iowa,0.6514610030400646
Baylor,Notre Dame,0.64141880667741558
Baylor,Oklahoma,0.4602349011298405
Baylor,Oregon,0.20281034544364335
Baylor,Oregon St,0.75930610291415446
Baylor,Pittsburgh,0.55103916508361583
Baylor,Providence,0.59029365751671603
Baylor,Purdue,0.52264828026798993
Baylor,S Dakota St,0.7938496314780934
Baylor,Seton Hall,0.64372197691943467
Baylor,SF Austin,0.69993535019513842
Baylor,Southern Univ,0.87198898282890414
Baylor,St Joseph's PA,0.63504745637086202
Baylor,Stony Brook,0.77188476298791509
Baylor,Syracuse,0.56480404948731433
Baylor,Temple,0.69320008701976499
Baylor,Texas,0.59442105311198279
Baylor,Texas A&M,0.57910102805062813
Baylor,Texas Tech,0.75659389276322109
Baylor,Tulsa,0.74898111689169011
Baylor,UNC Asheville,0.8607522277569557
Baylor,UNC Wilmington,0.79892562080662599
Baylor,USC,0.6596410130541881
Baylor,Utah,0.62656790384187688
Baylor,VA Commonwealth,0.55731231911692136
Baylor,Vanderbilt,0.67249347908572898
Baylor,Villanova,0.19468447476673495
Baylor,Virginia,0.19932016820720144
Baylor,Weber St,0.85102514806372953
Baylor,West Virginia,0.50360521894548937
Baylor,WI Green Bay,0.74686245126972961
Baylor,Wichita St,0.60530613689683188
Baylor,Wisconsin,0.63700429177897877
Baylor,Xavier,0.40725169643456544
Baylor,Yale,0.74903542693872172
Buffalo,Butler,0.17711090177220398
Buffalo,California,0.17991486407532464
Buffalo,Chattanooga,0.16142440445313361
Buffalo,Cincinnati,0.2772023775944189
Buffalo,Colorado,0.18266429862068267
Buffalo,Connecticut,0.17795572805335047
Buffalo,CS Bakersfield,0.70763350349432097
Buffalo,Dayton,0.48124506672141004
Buffalo,Duke,0.12411199431416976
Buffalo,F Dickinson,0.48044914199435751
Buffalo,FL Gulf Coast,0.4195960412523474
Buffalo,Fresno St,0.4353876371144394
Buffalo,Gonzaga,0.12724111572533686
Buffalo,Hampton,0.70033886996487416
Buffalo,Hawaii,0.29189272868228905
Buffalo,Holy Cross,0.42136935543775544
Buffalo,Indiana,0.12549645638092355
Buffalo,Iona,0.19437721062873073
Buffalo,Iowa,0.17831488651807412
Buffalo,Iowa St,0.12691324054162129
Buffalo,Kansas,0.12303022110754917
Buffalo,Kentucky,0.12405909760990126
Buffalo,Maryland,0.12548242193668177
Buffalo,Miami FL,0.17513414847777131
Buffalo,Michigan,0.53136321403663056
Buffalo,Michigan St,0.12367287823543117
Buffalo,MTSU,0.20522301602799931
Buffalo,North Carolina,0.12303781467507381
Buffalo,Northern Iowa,0.18478677972874724
Buffalo,Notre Dame,0.12715173390136669
Buffalo,Oklahoma,0.12455452639722968
Buffalo,Oregon,0.12397255193750657
Buffalo,Oregon St,0.38623141824121576
Buffalo,Pittsburgh,0.17878585322873247
Buffalo,Providence,0.12787713907280515
Buffalo,Purdue,0.17545780904321631
Buffalo,S Dakota St,0.29735807229254307
Buffalo,Seton Hall,0.12760343138506447
Buffalo,SF Austin,0.13409507549420405
Buffalo,Southern Univ,0.78912387540735451
Buffalo,St Joseph's PA,0.38267395204127758
Buffalo,Stony Brook,0.21221071446394285
Buffalo,Syracuse,0.23030896500798387
Buffalo,Temple,0.23400427971199983
Buffalo,Texas,0.17863719521456428
Buffalo,Texas A&M,0.12704515045035863
Buffalo,Texas Tech,0.18574559767638377
Buffalo,Tulsa,0.43438304479533912
Buffalo,UNC Asheville,0.74330167189361729
Buffalo,UNC Wilmington,0.29953627662599458
Buffalo,USC,0.18684334658413929
Buffalo,Utah,0.12581580052747254
Buffalo,VA Commonwealth,0.22946257987895824
Buffalo,Vanderbilt,0.23086491807788678
Buffalo,Villanova,0.22337821066433761
Buffalo,Virginia,0.12458982796379073
Buffalo,Weber St,0.54469178375848437
Buffalo,West Virginia,0.12407013999980204
Buffalo,WI Green Bay,0.24855092331728407
Buffalo,Wichita St,0.42954795966067388
Buffalo,Wisconsin,0.37675568334332077
Buffalo,Xavier,0.12430997781011853
Buffalo,Yale,0.24954067988853554
Butler,California,0.38567649102116969
Butler,Chattanooga,0.69768894929368841
Butler,Cincinnati,0.61712485079638391
Butler,Colorado,0.60572389126697113
Butler,Connecticut,0.37277479250643153
Butler,CS Bakersfield,0.83468230172092428
Butler,Dayton,0.69359492511326692
Butler,Duke,0.24478878984071412
Butler,F Dickinson,0.86318194621622157
Butler,FL Gulf Coast,0.84183588429374745
Butler,Fresno St,0.67667132705967414
Butler,Gonzaga,0.37062064157029512
Butler,Hampton,0.85501486105908941
Butler,Hawaii,0.59922883502813351
Butler,Holy Cross,0.80995540772209829
Butler,Indiana,0.35755799443366987
Butler,Iona,0.45732305405871054
Butler,Iowa,0.37392920841226146
Butler,Iowa St,0.26978661981283591
Butler,Kansas,0.4846491492073331
Butler,Kentucky,0.29178062563403873
Butler,Maryland,0.55827954760313814
Butler,Miami FL,0.30530022442997767
Butler,Michigan,0.59726346683868214
Butler,Michigan St,0.23776667011893082
Butler,MTSU,0.73608911451139591
Butler,North Carolina,0.238750308091252
Butler,Northern Iowa,0.62287031532739423
Butler,Notre Dame,0.57125419889397278
Butler,Oklahoma,0.49818645890578434
Butler,Oregon,0.64308469655219502
Butler,Oregon St,0.58042260695609127
Butler,Pittsburgh,0.42895080833730048
Butler,Providence,0.67056532363620391
Butler,Purdue,0.60704767747450006
Butler,S Dakota St,0.61633865268142829
Butler,Seton Hall,0.5230737669555634
Butler,SF Austin,0.5714068776862482
Butler,Southern Univ,0.81668730621796337
Butler,St Joseph's PA,0.40774465157928474
Butler,Stony Brook,0.49919513850341168
Butler,Syracuse,0.54019108040353281
Butler,Temple,0.36516709411123704
Butler,Texas,0.57381320042470474
Butler,Texas A&M,0.5120659619028104
Butler,Texas Tech,0.52778718369594702
Butler,Tulsa,0.5705274918653962
Butler,UNC Asheville,0.79875823819134883
Butler,UNC Wilmington,0.52198834825642471
Butler,USC,0.73077243187706786
Butler,Utah,0.56003294088775923
Butler,VA Commonwealth,0.63403319860975016
Butler,Vanderbilt,0.39669790759486379
Butler,Villanova,0.18858532346668594
Butler,Virginia,0.14075387821371743
Butler,Weber St,0.83684304874970805
Butler,West Virginia,0.44357618918892888
Butler,WI Green Bay,0.46969537566130376
Butler,Wichita St,0.53247460176961547
Butler,Wisconsin,0.56784852223338822
Butler,Xavier,0.44609977796856748
Butler,Yale,0.77212175468562616
California,Chattanooga,0.72063496571064667
California,Cincinnati,0.5526000423614208
California,Colorado,0.6824289752900059
California,Connecticut,0.15679982393836603
California,CS Bakersfield,0.82186266188037205
California,Dayton,0.52277758108388628
California,Duke,0.13587662897375746
California,F Dickinson,0.85564026638291724
California,FL Gulf Coast,0.82823638087349771
California,Fresno St,0.70020091141477947
California,Gonzaga,0.20393410926116476
California,Hampton,0.79535439404917274
California,Hawaii,0.62076168534669984
California,Holy Cross,0.55100230871721001
California,Indiana,0.49480747404847175
California,Iona,0.37852375406406691
California,Iowa,0.3076529900237559
California,Iowa St,0.15318005207371718
California,Kansas,0.13004600969129704
California,Kentucky,0.23499430436669386
California,Maryland,0.29525700429163865
California,Miami FL,0.14278089501747054
California,Michigan,0.62567468167499596
California,Michigan St,0.23266606326966743
California,MTSU,0.65792429921730533
California,North Carolina,0.23308408136372857
California,Northern Iowa,0.64689195915860487
California,Notre Dame,0.50481659526556166
California,Oklahoma,0.28821577370838003
California,Oregon,0.18550786248797568
California,Oregon St,0.70350758556745818
California,Pittsburgh,0.31139975859346569
California,Providence,0.45521714871739072
California,Purdue,0.44468100054378518
California,S Dakota St,0.63741743502322101
California,Seton Hall,0.45666375538597614
California,SF Austin,0.59558038234964428
California,Southern Univ,0.81011652404488022
California,St Joseph's PA,0.33413180585163937
California,Stony Brook,0.72235991556075296
California,Syracuse,0.47000567584636704
California,Temple,0.39035456953560593
California,Texas,0.50766689719449254
California,Texas A&M,0.2990275215969469
California,Texas Tech,0.65118016468214845
California,Tulsa,0.64487352004508458
California,UNC Asheville,0.78733841052871312
California,UNC Wilmington,0.64312840045373543
California,USC,0.45392506699847424
California,Utah,0.19598801068159727
California,VA Commonwealth,0.51528427738925764
California,Vanderbilt,0.32512264482324815
California,Villanova,0.18307307379017806
California,Virginia,0.23406713754852504
California,Weber St,0.56669373155665248
California,West Virginia,0.18512868173412439
California,WI Green Bay,0.69079962841241327
California,Wichita St,0.46418409023601781
California,Wisconsin,0.50177788325972517
California,Xavier,0.23675829010603655
California,Yale,0.69326619320514093
Chattanooga,Cincinnati,0.1803227418898431
Chattanooga,Colorado,0.33889177998309561
Chattanooga,Connecticut,0.43139640549213876
Chattanooga,CS Bakersfield,0.68748584830317661
Chattanooga,Dayton,0.38639529056148642
Chattanooga,Duke,0.17578834675387234
Chattanooga,F Dickinson,0.70821827514827096
Chattanooga,FL Gulf Coast,0.65058340778440638
Chattanooga,Fresno St,0.19301327584093375
Chattanooga,Gonzaga,0.13060361453748853
Chattanooga,Hampton,0.73142983376477955
Chattanooga,Hawaii,0.30222316981780417
Chattanooga,Holy Cross,0.70049795397628756
Chattanooga,Indiana,0.12811764989990185
Chattanooga,Iona,0.30551972950296458
Chattanooga,Iowa,0.1319808705109195
Chattanooga,Iowa St,0.18037104555251263
Chattanooga,Kansas,0.12413759759827118
Chattanooga,Kentucky,0.12553460500334249
Chattanooga,Maryland,0.17797150720134905
Chattanooga,Miami FL,0.12740847695199942
Chattanooga,Michigan,0.23659650460128323
Chattanooga,Michigan St,0.1248683660931503
Chattanooga,MTSU,0.32184031242570138
Chattanooga,North Carolina,0.12417104518481788
Chattanooga,Northern Iowa,0.44211677446220748
Chattanooga,Notre Dame,0.13051765239763841
Chattanooga,Oklahoma,0.17651429983023428
Chattanooga,Oregon,0.1755552288819085
Chattanooga,Oregon St,0.14438050738006686
Chattanooga,Pittsburgh,0.13274486462129148
Chattanooga,Providence,0.13120322730697015
Chattanooga,Purdue,0.12798070981824133
Chattanooga,S Dakota St,0.30984169700044817
Chattanooga,Seton Hall,0.18117099339865272
Chattanooga,SF Austin,0.19115574977075248
Chattanooga,Southern Univ,0.81551646684835144
Chattanooga,St Joseph's PA,0.53875849266442943
Chattanooga,Stony Brook,0.53146618053653083
Chattanooga,Syracuse,0.4351954056002984
Chattanooga,Temple,0.19072270778528616
Chattanooga,Texas,0.18226511460141487
Chattanooga,Texas A&M,0.17992076224449721
Chattanooga,Texas Tech,0.4436200405699095
Chattanooga,Tulsa,0.44147931245129446
Chattanooga,UNC Asheville,0.6746946731295409
Chattanooga,UNC Wilmington,0.56352312108609992
Chattanooga,USC,0.19471320928621738
Chattanooga,Utah,0.12844578122241856
Chattanooga,VA Commonwealth,0.18375577868061405
Chattanooga,Vanderbilt,0.28610713701879331
Chattanooga,Villanova,0.12444900132774268
Chattanooga,Virginia,0.12598312911221188
Chattanooga,Weber St,0.62255754399659891
Chattanooga,West Virginia,0.22570333146459748
Chattanooga,WI Green Bay,0.46151055109687061
Chattanooga,Wichita St,0.13367080961519756
Chattanooga,Wisconsin,0.12988091170052771
Chattanooga,Xavier,0.17610633865497369
Chattanooga,Yale,0.46356188753385602
Cincinnati,Colorado,0.36471376925596366
Cincinnati,Connecticut,0.52905615999128719
Cincinnati,CS Bakersfield,0.79912275365021435
Cincinnati,Dayton,0.55174908589601446
Cincinnati,Duke,0.19508842198621135
Cincinnati,F Dickinson,0.86433430527399224
Cincinnati,FL Gulf Coast,0.75364193633137377
Cincinnati,Fresno St,0.68652932342348727
Cincinnati,Gonzaga,0.32273091074637889
Cincinnati,Hampton,0.8570408633092732
Cincinnati,Hawaii,0.75933463679979818
Cincinnati,Holy Cross,0.86148490320483218
Cincinnati,Indiana,0.20919773806471242
Cincinnati,Iona,0.71735461818180102
Cincinnati,Iowa,0.53033460640560681
Cincinnati,Iowa St,0.22173162651593378
Cincinnati,Kansas,0.1862311539796023
Cincinnati,Kentucky,0.19380901367629283
Cincinnati,Maryland,0.30984647288353051
Cincinnati,Miami FL,0.30600524698150977
Cincinnati,Michigan,0.55568849242539875
Cincinnati,Michigan St,0.18989576132996061
Cincinnati,MTSU,0.49515758842406388
Cincinnati,North Carolina,0.14127720883402911
Cincinnati,Northern Iowa,0.68261594218596289
Cincinnati,Notre Dame,0.52395365420950391
Cincinnati,Oklahoma,0.19925463826720363
Cincinnati,Oregon,0.19482248201885588
Cincinnati,Oregon St,0.49037126285421867
Cincinnati,Pittsburgh,0.48587085185168377
Cincinnati,Providence,0.52473584987158395
Cincinnati,Purdue,0.60904517405265568
Cincinnati,S Dakota St,0.52618685214859673
Cincinnati,Seton Hall,0.22658076781889097
Cincinnati,SF Austin,0.73111565908870524
Cincinnati,Southern Univ,0.86752949868715756
Cincinnati,St Joseph's PA,0.56683327163118225
Cincinnati,Stony Brook,0.6074820744978543
Cincinnati,Syracuse,0.54811694967475377
Cincinnati,Temple,0.57460902012712689
Cincinnati,Texas,0.52925000907460218
Cincinnati,Texas A&M,0.46612950686866395
Cincinnati,Texas Tech,0.68767425508468327
Cincinnati,Tulsa,0.68019336625013127
Cincinnati,UNC Asheville,0.85446110277169218
Cincinnati,UNC Wilmington,0.73167477080542143
Cincinnati,USC,0.39070826532245134
Cincinnati,Utah,0.56092534586353804
Cincinnati,VA Commonwealth,0.541420833099865
Cincinnati,Vanderbilt,0.60511822598625975
Cincinnati,Villanova,0.19092370591311594
Cincinnati,Virginia,0.19231095741498272
Cincinnati,Weber St,0.84007862823254287
Cincinnati,West Virginia,0.44402191843328842
Cincinnati,WI Green Bay,0.67944804911196233
Cincinnati,Wichita St,0.58968524455350335
Cincinnati,Wisconsin,0.51957834077981557
Cincinnati,Xavier,0.24655890236903028
Cincinnati,Yale,0.73180125911867222
Colorado,Connecticut,0.25195858998118903
Colorado,CS Bakersfield,0.56874632350259446
Colorado,Dayton,0.66598442446358086
Colorado,Duke,0.18433282268002951
Colorado,F Dickinson,0.84931540832520058
Colorado,FL Gulf Coast,0.82788700738127274
Colorado,Fresno St,0.24069205481734701
Colorado,Gonzaga,0.49765289970191245
Colorado,Hampton,0.84141870223539239
Colorado,Hawaii,0.40991814598503534
Colorado,Holy Cross,0.5936530240735941
Colorado,Indiana,0.19019519218952219
Colorado,Iona,0.41732908438471839
Colorado,Iowa,0.25234193731075832
Colorado,Iowa St,0.29684374116871703
Colorado,Kansas,0.17908646557572133
Colorado,Kentucky,0.2338222748165652
Colorado,Maryland,0.24062052071672058
Colorado,Miami FL,0.18870609319059667
Colorado,Michigan,0.21854753118142095
Colorado,Michigan St,0.43166003447993273
Colorado,MTSU,0.74613872745977261
Colorado,North Carolina,0.431788373092857
Colorado,Northern Iowa,0.28765569505345856
Colorado,Notre Dame,0.54825455681205404
Colorado,Oklahoma,0.48691635511031162
Colorado,Oregon,0.18440848220323719
Colorado,Oregon St,0.49374079430162998
Colorado,Pittsburgh,0.3059465376520269
Colorado,Providence,0.4490089256062112
Colorado,Purdue,0.240166639353076
Colorado,S Dakota St,0.67591353347434047
Colorado,Seton Hall,0.49976782138255416
Colorado,SF Austin,0.28642598977261402
Colorado,Southern Univ,0.85488158389243241
Colorado,St Joseph's PA,0.27608542397491709
Colorado,Stony Brook,0.76075765598376455
Colorado,Syracuse,0.61348055835188309
Colorado,Temple,0.28172498775088817
Colorado,Texas,0.25162024460542975
Colorado,Texas A&M,0.49431009366789974
Colorado,Texas Tech,0.34159337290209668
Colorado,Tulsa,0.28581098006036643
Colorado,UNC Asheville,0.83988488911020198
Colorado,UNC Wilmington,0.43148876156652954
Colorado,USC,0.29419823342027418
Colorado,Utah,0.19145506618021424
Colorado,VA Commonwealth,0.2093520053109767
Colorado,Vanderbilt,0.36800142697273386
Colorado,Villanova,0.13178797234147777
Colorado,Virginia,0.3829015491979435
Colorado,Weber St,0.45605377280132608
Colorado,West Virginia,0.18404029771030039
Colorado,WI Green Bay,0.42920701197922484
Colorado,Wichita St,0.50767164285281541
Colorado,Wisconsin,0.24588444621329036
Colorado,Xavier,0.48542608913475127
Colorado,Yale,0.68162220761995895
Connecticut,CS Bakersfield,0.8275719816388547
Connecticut,Dayton,0.53387588182030488
Connecticut,Duke,0.39030128004084913
Connecticut,F Dickinson,0.85993547131375014
Connecticut,FL Gulf Coast,0.83760113130101721
Connecticut,Fresno St,0.66476156430672795
Connecticut,Gonzaga,0.46313623340103505
Connecticut,Hampton,0.85071551658095401
Connecticut,Hawaii,0.63670427566845178
Connecticut,Holy Cross,0.50625200574347162
Connecticut,Indiana,0.45161140695425095
Connecticut,Iona,0.39474973528555002
Connecticut,Iowa,0.61612873523259326
Connecticut,Iowa St,0.21234337789924401
Connecticut,Kansas,0.38220287492231941
Connecticut,Kentucky,0.23795298788779673
Connecticut,Maryland,0.50226563612549124
Connecticut,Miami FL,0.39919954023563131
Connecticut,Michigan,0.63722904775182465
Connecticut,Michigan St,0.23509872227194137
Connecticut,MTSU,0.42411944295527387
Connecticut,North Carolina,0.23583625466116348
Connecticut,Northern Iowa,0.66113545614946478
Connecticut,Notre Dame,0.51368565967126256
Connecticut,Oklahoma,0.29322302588105686
Connecticut,Oregon,0.18892857313437589
Connecticut,Oregon St,0.41835971349429646
Connecticut,Pittsburgh,0.27060239078689974
Connecticut,Providence,0.46316767156919353
Connecticut,Purdue,0.15119038121464354
Connecticut,S Dakota St,0.40381924776827455
Connecticut,Seton Hall,0.4653133850792458
Connecticut,SF Austin,0.60972694617805234
Connecticut,Southern Univ,0.813820265389952
Connecticut,St Joseph's PA,0.59690249690921948
Connecticut,Stony Brook,0.73791822269206586
Connecticut,Syracuse,0.53073297781169093
Connecticut,Temple,0.65386338746538808
Connecticut,Texas,0.46606893749170164
Connecticut,Texas A&M,0.30568382718219056
Connecticut,Texas Tech,0.71582982000024198
Connecticut,Tulsa,0.65891047950871218
Connecticut,UNC Asheville,0.79374072130338147
Connecticut,UNC Wilmington,0.65955914458911713
Connecticut,USC,0.36873260873028213
Connecticut,Utah,0.45326266639673868
Connecticut,VA Commonwealth,0.52517613757756432
Connecticut,Vanderbilt,0.68666896512862929
Connecticut,Villanova,0.18573739116693405
Connecticut,Virginia,0.18700425472022278
Connecticut,Weber St,0.82798239475513502
Connecticut,West Virginia,0.18933434488131889
Connecticut,WI Green Bay,0.65722651905638307
Connecticut,Wichita St,0.47381145585896622
Connecticut,Wisconsin,0.51052945148486684
Connecticut,Xavier,0.24146792908883422
Connecticut,Yale,0.65969683135581492
CS Bakersfield,Dayton,0.12692062529613765
CS Bakersfield,Duke,0.17246591258989111
CS Bakersfield,F Dickinson,0.69263896578030015
CS Bakersfield,FL Gulf Coast,0.23685769144828397
CS Bakersfield,Fresno St,0.1801088793876455
CS Bakersfield,Gonzaga,0.17564617284209888
CS Bakersfield,Hampton,0.26311416927862036
CS Bakersfield,Hawaii,0.13324846449117234
CS Bakersfield,Holy Cross,0.63327755153194643
CS Bakersfield,Indiana,0.12286008387622399
CS Bakersfield,Iona,0.13484981101727139
CS Bakersfield,Iowa,0.12489353632829911
CS Bakersfield,Iowa St,0.22356466115893314
CS Bakersfield,Kansas,0.12097432727504846
CS Bakersfield,Kentucky,0.12304456727640824
CS Bakersfield,Maryland,0.17378816901723371
CS Bakersfield,Miami FL,0.17338456732236052
CS Bakersfield,Michigan,0.12686950968453073
CS Bakersfield,Michigan St,0.1227299993128166
CS Bakersfield,MTSU,0.3908500727381683
CS Bakersfield,North Carolina,0.12190953711408251
CS Bakersfield,Northern Iowa,0.12912639889337857
CS Bakersfield,Notre Dame,0.17461617761725873
CS Bakersfield,Oklahoma,0.12313544472615653
CS Bakersfield,Oregon,0.12295848091820573
CS Bakersfield,Oregon St,0.28050568800004883
CS Bakersfield,Pittsburgh,0.12519091463751802
CS Bakersfield,Providence,0.12485256380410478
CS Bakersfield,Purdue,0.17324713336842734
CS Bakersfield,S Dakota St,0.13639741921334747
CS Bakersfield,Seton Hall,0.17536445596958189
CS Bakersfield,SF Austin,0.1789552639210637
CS Bakersfield,Southern Univ,0.50191494680181681
CS Bakersfield,St Joseph's PA,0.1777382124292847
CS Bakersfield,Stony Brook,0.49400706344266243
CS Bakersfield,Syracuse,0.12609912440317986
CS Bakersfield,Temple,0.17864036754892165
CS Bakersfield,Texas,0.12515550558869803
CS Bakersfield,Texas A&M,0.12409345279119446
CS Bakersfield,Texas Tech,0.12992407911507309
CS Bakersfield,Tulsa,0.17910780248701805
CS Bakersfield,UNC Asheville,0.40678399882944383
CS Bakersfield,UNC Wilmington,0.18735434558903225
CS Bakersfield,USC,0.23153242572052884
CS Bakersfield,Utah,0.22397643497003578
CS Bakersfield,VA Commonwealth,0.12568713198297934
CS Bakersfield,Vanderbilt,0.12666991014295859
CS Bakersfield,Villanova,0.17203578173190653
CS Bakersfield,Virginia,0.12312844474902608
CS Bakersfield,Weber St,0.21799723740897281
CS Bakersfield,West Virginia,0.17244294827436596
CS Bakersfield,WI Green Bay,0.23667330074095555
CS Bakersfield,Wichita St,0.17575032618836656
CS Bakersfield,Wisconsin,0.17524606129872977
CS Bakersfield,Xavier,0.12285926013731394
CS Bakersfield,Yale,0.43786701025954888
Dayton,Duke,0.13521338983885778
Dayton,F Dickinson,0.85496378504235016
Dayton,FL Gulf Coast,0.7843795884904865
Dayton,Fresno St,0.29759715619920146
Dayton,Gonzaga,0.15106533633404251
Dayton,Hampton,0.84360742378326603
Dayton,Hawaii,0.41781370642462579
Dayton,Holy Cross,0.85034365330265871
Dayton,Indiana,0.24266948699778579
Dayton,Iona,0.42549097861365937
Dayton,Iowa,0.30630456441318865
Dayton,Iowa St,0.1502753830172161
Dayton,Kansas,0.17985430084708709
Dayton,Kentucky,0.23486168123114165
Dayton,Maryland,0.2431406497478982
Dayton,Miami FL,0.24090411223627206
Dayton,Michigan,0.52371773587436576
Dayton,Michigan St,0.18258497014150771
Dayton,MTSU,0.70477937798236423
Dayton,North Carolina,0.13285350458993889
Dayton,Northern Iowa,0.64436064922021707
Dayton,Notre Dame,0.20179405356199212
Dayton,Oklahoma,0.13800559659659839
Dayton,Oregon,0.18535795534134109
Dayton,Oregon St,0.60083580212931542
Dayton,Pittsburgh,0.3599109145675643
Dayton,Providence,0.35258472256818579
Dayton,Purdue,0.24262691017428775
Dayton,S Dakota St,0.7343132950757012
Dayton,Seton Hall,0.20348994627099698
Dayton,SF Austin,0.39307093002990601
Dayton,Southern Univ,0.80963594431095509
Dayton,St Joseph's PA,0.23192196975809795
Dayton,Stony Brook,0.61929106656285193
Dayton,Syracuse,0.56821606087610388
Dayton,Temple,0.53798621400364421
Dayton,Texas,0.55551028611643805
Dayton,Texas A&M,0.19726028261118439
Dayton,Texas Tech,0.34855579805817272
Dayton,Tulsa,0.64238864437306342
Dayton,UNC Asheville,0.83522106053225897
Dayton,UNC Wilmington,0.43999634712787233
Dayton,USC,0.25126378234684021
Dayton,Utah,0.24382478477604008
Dayton,VA Commonwealth,0.26366059258424412
Dayton,Vanderbilt,0.37316734034192134
Dayton,Villanova,0.23280310573498453
Dayton,Virginia,0.18395413796347748
Dayton,Weber St,0.81288185493533271
Dayton,West Virginia,0.23489490219186082
Dayton,WI Green Bay,0.33767685129937675
Dayton,Wichita St,0.66234035646900846
Dayton,Wisconsin,0.1990809061303504
Dayton,Xavier,0.23639469662720067
Dayton,Yale,0.69013331362454933
Duke,F Dickinson,0.87164758781703933
Duke,FL Gulf Coast,0.55913544086829337
Duke,Fresno St,0.76528027440439883
Duke,Gonzaga,0.39844581587001304
Duke,Hampton,0.86847771043405786
Duke,Hawaii,0.78720110177970104
Duke,Holy Cross,0.87018732636444873
Duke,Indiana,0.57979076571030752
Duke,Iona,0.79452859912927576
Duke,Iowa,0.70280020147820577
Duke,Iowa St,0.5974588669851022
Duke,Kansas,0.1420004072866812
Duke,Kentucky,0.15670792513067167
Duke,Maryland,0.63076553043580452
Duke,Miami FL,0.32630206185888172
Duke,Michigan,0.33260602354484148
Duke,Michigan St,0.24811049206020153
Duke,MTSU,0.71840193107833994
Duke,North Carolina,0.55060793899232041
Duke,Northern Iowa,0.56134088543990424
Duke,Notre Dame,0.59935115507739223
Duke,Oklahoma,0.56726973645238754
Duke,Oregon,0.15921322013357925
Duke,Oregon St,0.6690935376845849
Duke,Pittsburgh,0.35958102815602577
Duke,Providence,0.34808117065524408
Duke,Purdue,0.62896496998040208
Duke,S Dakota St,0.80236765732597071
Duke,Seton Hall,0.60181218325744534
Duke,SF Austin,0.60982223662399226
Duke,Southern Univ,0.87345463911613397
Duke,St Joseph's PA,0.34486169075061102
Duke,Stony Brook,0.73026271364364259
Duke,Syracuse,0.42405539785505886
Duke,Temple,0.70309017922104255
Duke,Texas,0.65249823363044201
Duke,Texas A&M,0.33594789771389766
Duke,Texas Tech,0.71642223254184101
Duke,Tulsa,0.65887373125621651
Duke,UNC Asheville,0.86539735486340741
Duke,UNC Wilmington,0.55715108937645297
Duke,USC,0.76943848819601324
Duke,Utah,0.68338428471733681
Duke,VA Commonwealth,0.31620378248476533
Duke,Vanderbilt,0.33202708997587121
Duke,Villanova,0.2486848795878622
Duke,Virginia,0.25492304409076227
Duke,Weber St,0.84737934778001267
Duke,West Virginia,0.25846197110300051
Duke,WI Green Bay,0.80520222363363292
Duke,Wichita St,0.66406902100682663
Duke,Wisconsin,0.64459435367053874
Duke,Xavier,0.26302445316942002
Duke,Yale,0.80736424857878286
F Dickinson,FL Gulf Coast,0.49668507511416748
F Dickinson,Fresno St,0.12414653048867105
F Dickinson,Gonzaga,0.12172297984724839
F Dickinson,Hampton,0.26065851583304323
F Dickinson,Hawaii,0.12580058734634841
F Dickinson,Holy Cross,0.32253536971250185
F Dickinson,Indiana,0.12060926390214648
F Dickinson,Iona,0.12669375900710705
F Dickinson,Iowa,0.12250356321908869
F Dickinson,Iowa St,0.1210903691167481
F Dickinson,Kansas,0.11924632789034043
F Dickinson,Kentucky,0.12060236238635241
F Dickinson,Maryland,0.17095771615085117
F Dickinson,Miami FL,0.12079517868080251
F Dickinson,Michigan,0.12387220403089276
F Dickinson,Michigan St,0.12058083088889215
F Dickinson,MTSU,0.12894837624289757
F Dickinson,North Carolina,0.11958152197411259
F Dickinson,Northern Iowa,0.12486663553657684
F Dickinson,Notre Dame,0.12183883396588584
F Dickinson,Oklahoma,0.12052099968563436
F Dickinson,Oregon,0.12039468095939182
F Dickinson,Oregon St,0.12465738929915163
F Dickinson,Pittsburgh,0.12279388873280959
F Dickinson,Providence,0.12252770830271358
F Dickinson,Purdue,0.12090393021455555
F Dickinson,S Dakota St,0.12722263676349277
F Dickinson,Seton Hall,0.12194368749388113
F Dickinson,SF Austin,0.12431910830264957
F Dickinson,Southern Univ,0.38534263997153539
F Dickinson,St Joseph's PA,0.12445965517542842
F Dickinson,Stony Brook,0.33086903661274275
F Dickinson,Syracuse,0.12318694458585086
F Dickinson,Temple,0.1250403325170375
F Dickinson,Texas,0.1228694973589336
F Dickinson,Texas A&M,0.12195911685783668
F Dickinson,Texas Tech,0.42475635633620179
F Dickinson,Tulsa,0.17441835908500247
F Dickinson,UNC Asheville,0.30729737931907741
F Dickinson,UNC Wilmington,0.37804123507582166
F Dickinson,USC,0.52529157945042437
F Dickinson,Utah,0.12111538009828848
F Dickinson,VA Commonwealth,0.12285141980865909
F Dickinson,Vanderbilt,0.12289721318361586
F Dickinson,Villanova,0.11994060366592256
F Dickinson,Virginia,0.12054891727888072
F Dickinson,Weber St,0.13914762948278192
F Dickinson,West Virginia,0.12036455554775702
F Dickinson,WI Green Bay,0.17746701795202202
F Dickinson,Wichita St,0.12339500754356676
F Dickinson,Wisconsin,0.17163243611715506
F Dickinson,Xavier,0.1204586073418132
F Dickinson,Yale,0.17807935895893384
FL Gulf Coast,Fresno St,0.17919549533576223
FL Gulf Coast,Gonzaga,0.17504953039895055
FL Gulf Coast,Hampton,0.60617572318670454
FL Gulf Coast,Hawaii,0.23197154387869431
FL Gulf Coast,Holy Cross,0.67572051025312196
FL Gulf Coast,Indiana,0.12267136608621174
FL Gulf Coast,Iona,0.13341261741604921
FL Gulf Coast,Iowa,0.17468293424292047
FL Gulf Coast,Iowa St,0.12339604690890427
FL Gulf Coast,Kansas,0.17087839221711476
FL Gulf Coast,Kentucky,0.12282369996733895
FL Gulf Coast,Maryland,0.12346060128145189
FL Gulf Coast,Miami FL,0.12313157822221749
FL Gulf Coast,Michigan,0.12646269072512351
FL Gulf Coast,Michigan St,0.12258218631483968
FL Gulf Coast,MTSU,0.23864246074518475
FL Gulf Coast,North Carolina,0.12172217041600335
FL Gulf Coast,Northern Iowa,0.37840802145608132
FL Gulf Coast,Notre Dame,0.1241870365234853
FL Gulf Coast,Oklahoma,0.17290886289294055
FL Gulf Coast,Oregon,0.12270364141464517
FL Gulf Coast,Oregon St,0.12962405403552812
FL Gulf Coast,Pittsburgh,0.12494062827992643
FL Gulf Coast,Providence,0.17452502513150536
FL Gulf Coast,Purdue,0.12299987381050156
FL Gulf Coast,S Dakota St,0.23476277912286281
FL Gulf Coast,Seton Hall,0.12482239578013778
FL Gulf Coast,SF Austin,0.12822586466249541
FL Gulf Coast,Southern Univ,0.44413741381006239
FL Gulf Coast,St Joseph's PA,0.42720166188513475
FL Gulf Coast,Stony Brook,0.14191376078425108
FL Gulf Coast,Syracuse,0.12573040824928294
FL Gulf Coast,Temple,0.12801908841062432
FL Gulf Coast,Texas,0.42496110692711042
FL Gulf Coast,Texas A&M,0.12399003523451717
FL Gulf Coast,Texas Tech,0.37911640823687609
FL Gulf Coast,Tulsa,0.128391841373795
FL Gulf Coast,UNC Asheville,0.60011650632455249
FL Gulf Coast,UNC Wilmington,0.43567063172835341
FL Gulf Coast,USC,0.43055302775744664
FL Gulf Coast,Utah,0.17363633045349752
FL Gulf Coast,VA Commonwealth,0.3753890671073426
FL Gulf Coast,Vanderbilt,0.42622963696353089
FL Gulf Coast,Villanova,0.12190315792751236
FL Gulf Coast,Virginia,0.12287475739563394
FL Gulf Coast,Weber St,0.51381084727981052
FL Gulf Coast,West Virginia,0.12230267601706876
FL Gulf Coast,WI Green Bay,0.48500750548844118
FL Gulf Coast,Wichita St,0.12549204356836582
FL Gulf Coast,Wisconsin,0.17470135610192616
FL Gulf Coast,Xavier,0.17268387608050206
FL Gulf Coast,Yale,0.18618111402259396
Fresno St,Gonzaga,0.23904004032770512
Fresno St,Hampton,0.82644416560627199
Fresno St,Hawaii,0.38182425479174387
Fresno St,Holy Cross,0.77184092927815473
Fresno St,Indiana,0.23418141911518298
Fresno St,Iona,0.58777251813902354
Fresno St,Iowa,0.28947147924841199
Fresno St,Iowa St,0.18807177370721639
Fresno St,Kansas,0.12605725004919879
Fresno St,Kentucky,0.17981682171611035
Fresno St,Maryland,0.23421529243650763
Fresno St,Miami FL,0.18325214766815401
Fresno St,Michigan,0.24932679583706924
Fresno St,Michigan St,0.47842116474648055
Fresno St,MTSU,0.61245106001606209
Fresno St,North Carolina,0.3780599489762928
Fresno St,Northern Iowa,0.61498805987227212
Fresno St,Notre Dame,0.48844111298565096
Fresno St,Oklahoma,0.4818056764849824
Fresno St,Oregon,0.18010317640881846
Fresno St,Oregon St,0.36942046380148552
Fresno St,Pittsburgh,0.1922142564035822
Fresno St,Providence,0.43849218490354563
Fresno St,Purdue,0.28419971548079526
Fresno St,S Dakota St,0.64484536372787427
Fresno St,Seton Hall,0.18943509187166507
Fresno St,SF Austin,0.21400525486926159
Fresno St,Southern Univ,0.8385977246931644
Fresno St,St Joseph's PA,0.20638006037993362
Fresno St,Stony Brook,0.32615690695837962
Fresno St,Syracuse,0.24691955992093756
Fresno St,Temple,0.20931551733153445
Fresno St,Texas,0.1898642988509695
Fresno St,Texas A&M,0.18610065298889628
Fresno St,Texas Tech,0.21784486613524612
Fresno St,Tulsa,0.21366492481058036
Fresno St,UNC Asheville,0.77128996599743627
Fresno St,UNC Wilmington,0.59959269012615546
Fresno St,USC,0.27000576235455814
Fresno St,Utah,0.2351421958925069
Fresno St,VA Commonwealth,0.19403447254967288
Fresno St,Vanderbilt,0.60122660305791165
Fresno St,Villanova,0.12813649390934423
Fresno St,Virginia,0.47902996043165069
Fresno St,Weber St,0.77456691021396618
Fresno St,West Virginia,0.23000584145949285
Fresno St,WI Green Bay,0.34761838469029416
Fresno St,Wichita St,0.14282214237487811
Fresno St,Wisconsin,0.2377882862628013
Fresno St,Xavier,0.48084534725097594
Fresno St,Yale,0.39969614531637387
Gonzaga,Hampton,0.85712208259037881
Gonzaga,Hawaii,0.69777763904494661
Gonzaga,Holy Cross,0.61066136793388481
Gonzaga,Indiana,0.30663008551448556
Gonzaga,Iona,0.50587213965597821
Gonzaga,Iowa,0.32284325108310535
Gonzaga,Iowa St,0.26873088059708106
Gonzaga,Kansas,0.48314331051387149
Gonzaga,Kentucky,0.34147763891277394
Gonzaga,Maryland,0.60734700946796516
Gonzaga,Miami FL,0.20443011622084678
Gonzaga,Michigan,0.59599355654888031
Gonzaga,Michigan St,0.18666000337305527
Gonzaga,MTSU,0.68470676481686565
Gonzaga,North Carolina,0.33760238452215868
Gonzaga,Northern Iowa,0.57146925238712365
Gonzaga,Notre Dame,0.47018778385438492
Gonzaga,Oklahoma,0.59803919172482223
Gonzaga,Oregon,0.59281447051108094
Gonzaga,Oregon St,0.72899842552963912
Gonzaga,Pittsburgh,0.52781895662703204
Gonzaga,Providence,0.51951336875825671
Gonzaga,Purdue,0.60612697077700861
Gonzaga,S Dakota St,0.7148987553259244
Gonzaga,Seton Hall,0.42199117645670792
Gonzaga,SF Austin,0.62000979180761473
Gonzaga,Southern Univ,0.86705882397601641
Gonzaga,St Joseph's PA,0.65641092339076357
Gonzaga,Stony Brook,0.74857260639382273
Gonzaga,Syracuse,0.33896773120024393
Gonzaga,Temple,0.71379799511583386
Gonzaga,Texas,0.47273198898513069
Gonzaga,Texas A&M,0.26110057536004372
Gonzaga,Texas Tech,0.62637028098832226
Gonzaga,Tulsa,0.61913502361802641
Gonzaga,UNC Asheville,0.80145062035899717
Gonzaga,UNC Wilmington,0.42055937924869746
Gonzaga,USC,0.67934995049865576
Gonzaga,Utah,0.25912423470737789
Gonzaga,VA Commonwealth,0.63285914990541037
Gonzaga,Vanderbilt,0.54542841584832669
Gonzaga,Villanova,0.28678750671362668
Gonzaga,Virginia,0.14043040988233113
Gonzaga,Weber St,0.82669428096827913
Gonzaga,West Virginia,0.49325530860444744
Gonzaga,WI Green Bay,0.51826179658490357
Gonzaga,Wichita St,0.58131660932316798
Gonzaga,Wisconsin,0.56682727100098151
Gonzaga,Xavier,0.54592767700801037
Gonzaga,Yale,0.62069326118985535
Hampton,Hawaii,0.22924144725703999
Hampton,Holy Cross,0.34952888737354526
Hampton,Indiana,0.12217245875686694
Hampton,Iona,0.43036007346276073
Hampton,Iowa,0.1237226237684987
Hampton,Iowa St,0.17316690029472842
Hampton,Kansas,0.12018245812621971
Hampton,Kentucky,0.12176481892736922
Hampton,Maryland,0.12266943717275298
Hampton,Miami FL,0.12243922440262826
Hampton,Michigan,0.12541078881966591
Hampton,Michigan St,0.12164443531714264
Hampton,MTSU,0.23421812106138831
Hampton,North Carolina,0.12064883945861693
Hampton,Northern Iowa,0.12629742177719497
Hampton,Notre Dame,0.12400674362840824
Hampton,Oklahoma,0.12193763792580752
Hampton,Oregon,0.12162956000642558
Hampton,Oregon St,0.12708412772586064
Hampton,Pittsburgh,0.12385191539213221
Hampton,Providence,0.17439863976153591
Hampton,Purdue,0.17278622976193242
Hampton,S Dakota St,0.23138631867257214
Hampton,Seton Hall,0.12420481667077543
Hampton,SF Austin,0.12601910220555906
Hampton,Southern Univ,0.61608487793688638
Hampton,St Joseph's PA,0.1254895027013726
Hampton,Stony Brook,0.43666479629256133
Hampton,Syracuse,0.12459296813989769
Hampton,Temple,0.1261214612264758
Hampton,Texas,0.17477438968257764
Hampton,Texas A&M,0.17361648817359165
Hampton,Texas Tech,0.12675873573623847
Hampton,Tulsa,0.12628654959005875
Hampton,UNC Asheville,0.27817905657835817
Hampton,UNC Wilmington,0.38212400912373512
Hampton,USC,0.17814392356806452
Hampton,Utah,0.12297154989325441
Hampton,VA Commonwealth,0.1243311436217103
Hampton,Vanderbilt,0.12470822496984225
Hampton,Villanova,0.12099677177274555
Hampton,Virginia,0.12176333459618706
Hampton,Weber St,0.3004089514362871
Hampton,West Virginia,0.12151485754974135
Hampton,WI Green Bay,0.43157587470152098
Hampton,Wichita St,0.17536424441322995
Hampton,Wisconsin,0.12376084354428582
Hampton,Xavier,0.12177358705398079
Hampton,Yale,0.18247488707462536
Hawaii,Holy Cross,0.82967657261810235
Hawaii,Indiana,0.13230578728074721
Hawaii,Iona,0.67661658265909619
Hawaii,Iowa,0.18746347777129682
Hawaii,Iowa St,0.43564577143431482
Hawaii,Kansas,0.1247120177998486
Hawaii,Kentucky,0.22799907087389878
Hawaii,Maryland,0.43220883233158952
Hawaii,Miami FL,0.43124271032177242
Hawaii,Michigan,0.44428879312845015
Hawaii,Michigan St,0.12683464375913472
Hawaii,MTSU,0.64879628904317721
Hawaii,North Carolina,0.12635938266734559
Hawaii,Northern Iowa,0.55400111609783709
Hawaii,Notre Dame,0.13601225497776848
Hawaii,Oklahoma,0.22993697531853929
Hawaii,Oregon,0.1782308516343008
Hawaii,Oregon St,0.25931130075425768
Hawaii,Pittsburgh,0.23849710848757955
Hawaii,Providence,0.18630568354633581
Hawaii,Purdue,0.18211267616760513
Hawaii,S Dakota St,0.53288742918865051
Hawaii,Seton Hall,0.13695753679682038
Hawaii,SF Austin,0.25482863473134715
Hawaii,Southern Univ,0.83857949915704488
Hawaii,St Joseph's PA,0.4972663889515006
Hawaii,Stony Brook,0.31154875735664561
Hawaii,Syracuse,0.39205995111155573
Hawaii,Temple,0.20017279865297605
Hawaii,Texas,0.18769163964929297
Hawaii,Texas A&M,0.18422008091350731
Hawaii,Texas Tech,0.20701429332760879
Hawaii,Tulsa,0.50392736244897551
Hawaii,UNC Asheville,0.75786355391619176
Hawaii,UNC Wilmington,0.53715616029635749
Hawaii,USC,0.20990899791582115
Hawaii,Utah,0.18294280144867309
Hawaii,VA Commonwealth,0.4400937575973452
Hawaii,Vanderbilt,0.19349042221538232
Hawaii,Villanova,0.12651828932677217
Hawaii,Virginia,0.12728127724057836
Hawaii,Weber St,0.70921686606465495
Hawaii,West Virginia,0.12841363679944662
Hawaii,WI Green Bay,0.38536398214438328
Hawaii,Wichita St,0.33982224128587568
Hawaii,Wisconsin,0.18522542350990553
Hawaii,Xavier,0.17914206226074847
Hawaii,Yale,0.63724202958680287
Holy Cross,Indiana,0.17052089406298809
Holy Cross,Iona,0.12846040308102818
Holy Cross,Iowa,0.12267845823223195
Holy Cross,Iowa St,0.12115837918107757
Holy Cross,Kansas,0.168955461405734
Holy Cross,Kentucky,0.12035979457812641
Holy Cross,Maryland,0.12092427524765607
Holy Cross,Miami FL,0.12069260673585773
Holy Cross,Michigan,0.12437253125503284
Holy Cross,Michigan St,0.12031093765403096
Holy Cross,MTSU,0.18164953106839463
Holy Cross,North Carolina,0.11930971297903202
Holy Cross,Northern Iowa,0.17549679722502229
Holy Cross,Notre Dame,0.12206144276342529
Holy Cross,Oklahoma,0.12034500496596538
Holy Cross,Oregon,0.12017276261798733
Holy Cross,Oregon St,0.42528079100019889
Holy Cross,Pittsburgh,0.122940672830995
Holy Cross,Providence,0.12269268409294677
Holy Cross,Purdue,0.12089284982703331
Holy Cross,S Dakota St,0.17915044658167453
Holy Cross,Seton Hall,0.12215450665227216
Holy Cross,SF Austin,0.17466950642999504
Holy Cross,Southern Univ,0.35140213378306451
Holy Cross,St Joseph's PA,0.12493356870436222
Holy Cross,Stony Brook,0.23425782421947544
Holy Cross,Syracuse,0.1236115654481114
Holy Cross,Temple,0.12538832612185033
Holy Cross,Texas,0.12303795087797466
Holy Cross,Texas A&M,0.12196538095075493
Holy Cross,Texas Tech,0.37535392142972063
Holy Cross,Tulsa,0.37492062053951936
Holy Cross,UNC Asheville,0.46730041409104683
Holy Cross,UNC Wilmington,0.13015083757863294
Holy Cross,USC,0.37631156630805324
Holy Cross,Utah,0.12109782942790968
Holy Cross,VA Commonwealth,0.12310542246202376
Holy Cross,Vanderbilt,0.42318683181051087
Holy Cross,Villanova,0.11968215847659588
Holy Cross,Virginia,0.12032591152372643
Holy Cross,Weber St,0.14529349275408526
Holy Cross,West Virginia,0.12012233169006206
Holy Cross,WI Green Bay,0.17949237310178023
Holy Cross,Wichita St,0.12371710766478769
Holy Cross,Wisconsin,0.12176784510534888
Holy Cross,Xavier,0.12025792748941543
Holy Cross,Yale,0.13031931925214357
Indiana,Iona,0.7295920556593356
Indiana,Iowa,0.58969847969779643
Indiana,Iowa St,0.6348440295879757
Indiana,Kansas,0.53816704153956429
Indiana,Kentucky,0.24903131279977397
Indiana,Maryland,0.62034880123513136
Indiana,Miami FL,0.31654950446741792
Indiana,Michigan,0.6171041330445568
Indiana,Michigan St,0.19248813773063916
Indiana,MTSU,0.80596294433277071
Indiana,North Carolina,0.19415502841383675
Indiana,Northern Iowa,0.74510591699208784
Indiana,Notre Dame,0.6365627365787071
Indiana,Oklahoma,0.50792936689135793
Indiana,Oregon,0.50091992422840748
Indiana,Oregon St,0.75295657011579986
Indiana,Pittsburgh,0.54578325452677068
Indiana,Providence,0.58553047679438297
Indiana,Purdue,0.51879642395362868
Indiana,S Dakota St,0.78808975177000362
Indiana,Seton Hall,0.38876384457889723
Indiana,SF Austin,0.69358365068860339
Indiana,Southern Univ,0.87172755847373873
Indiana,St Joseph's PA,0.6788388264502293
Indiana,Stony Brook,0.56744507853996085
Indiana,Syracuse,0.5590541137017675
Indiana,Temple,0.58689447684118368
Indiana,Texas,0.63947140715552997
Indiana,Texas A&M,0.47492636769456359
Indiana,Texas Tech,0.75023687023138974
Indiana,Tulsa,0.74263449004184368
Indiana,UNC Asheville,0.86009130333831574
Indiana,UNC Wilmington,0.74332574936592788
Indiana,USC,0.70328931468499811
Indiana,Utah,0.57261027836136991
Indiana,VA Commonwealth,0.55181825530268536
Indiana,Vanderbilt,0.66652953521179636
Indiana,Villanova,0.24303943830922831
Indiana,Virginia,0.19764081552963075
Indiana,Weber St,0.84930706496283315
Indiana,West Virginia,0.50166347733461025
Indiana,WI Green Bay,0.79119954028517936
Indiana,Wichita St,0.6499006376341413
Indiana,Wisconsin,0.38236661198230026
Indiana,Xavier,0.40510785533415522
Indiana,Yale,0.49344195951082304
Iona,Iowa,0.23704387583717929
Iona,Iowa St,0.18525965364221597
Iona,Kansas,0.12474892798522583
Iona,Kentucky,0.17793579530541953
Iona,Maryland,0.18197355684491662
Iona,Miami FL,0.28104924322096836
Iona,Michigan,0.44365064402540166
Iona,Michigan St,0.12682900899287791
Iona,MTSU,0.54576779400229425
Iona,North Carolina,0.12632795517935297
Iona,Northern Iowa,0.15322371516176564
Iona,Notre Dame,0.2356268934609011
Iona,Oklahoma,0.22977887157720461
Iona,Oregon,0.22815132718295533
Iona,Oregon St,0.15838938788825391
Iona,Pittsburgh,0.18806164300407946
Iona,Providence,0.18594125210267809
Iona,Purdue,0.23187684319732169
Iona,S Dakota St,0.48033433352348337
Iona,Seton Hall,0.23653721605198666
Iona,SF Austin,0.25401891070570226
Iona,Southern Univ,0.73916130953065107
Iona,St Joseph's PA,0.29668530453900133
Iona,Stony Brook,0.35823041496232222
Iona,Syracuse,0.14148766038173607
Iona,Temple,0.24932414359103625
Iona,Texas,0.18727850361167131
Iona,Texas A&M,0.18393734546937429
Iona,Texas Tech,0.25615398600597056
Iona,Tulsa,0.25315205649509798
Iona,UNC Asheville,0.55487958145664462
Iona,UNC Wilmington,0.28447256856570802
Iona,USC,0.15891490316564238
Iona,Utah,0.23268100251874263
Iona,VA Commonwealth,0.13960186832374991
Iona,Vanderbilt,0.19301235922772114
Iona,Villanova,0.22649770218995297
Iona,Virginia,0.17725432404995989
Iona,Weber St,0.65549851626848699
Iona,West Virginia,0.22834016023248255
Iona,WI Green Bay,0.28273066304920091
Iona,Wichita St,0.23932600642355301
Iona,Wisconsin,0.434873195007493
Iona,Xavier,0.27903603590443837
Iona,Yale,0.63455366394303359
Iowa,Iowa St,0.21654937109863318
Iowa,Kansas,0.13383542141030105
Iowa,Kentucky,0.14020754628307106
Iowa,Maryland,0.25567058680604993
Iowa,Miami FL,0.20220663894568724
Iowa,Michigan,0.54543197124815457
Iowa,Michigan St,0.23695128649324093
Iowa,MTSU,0.73410750369397748
Iowa,North Carolina,0.23793342841167409
Iowa,Northern Iowa,0.62086546881733851
Iowa,Notre Dame,0.51863012317961754
Iowa,Oklahoma,0.24565267942849389
Iowa,Oregon,0.4410144097250861
Iowa,Oregon St,0.62838711295043415
Iowa,Pittsburgh,0.47730145095616106
Iowa,Providence,0.56902128844132127
Iowa,Purdue,0.45493648950977633
Iowa,S Dakota St,0.71428159678622682
Iowa,Seton Hall,0.47106115417811467
Iowa,SF Austin,0.56940729895664211
Iowa,Southern Univ,0.81414325434581913
Iowa,St Joseph's PA,0.60582886811511139
Iowa,Stony Brook,0.74729752563383633
Iowa,Syracuse,0.43842103744819055
Iowa,Temple,0.41320455128449285
Iowa,Texas,0.57223060363610001
Iowa,Texas A&M,0.51063599446794883
Iowa,Texas Tech,0.62576134604734812
Iowa,Tulsa,0.6185340259906511
Iowa,UNC Asheville,0.8442990845899927
Iowa,UNC Wilmington,0.66994558228619594
Iowa,USC,0.72873918443065144
Iowa,Utah,0.25665750574386276
Iowa,VA Commonwealth,0.53232819319062086
Iowa,Vanderbilt,0.59486696526747052
Iowa,Villanova,0.23777121011130453
Iowa,Virginia,0.18894615139035545
Iowa,Weber St,0.78430579156137747
Iowa,West Virginia,0.19135074404621069
Iowa,WI Green Bay,0.76764657301022676
Iowa,Wichita St,0.48079077253632424
Iowa,Wisconsin,0.46453391023361695
Iowa,Xavier,0.19371329046398267
Iowa,Yale,0.67007960918443277
Iowa St,Kansas,0.2354045379161146
Iowa St,Kentucky,0.24527131414223063
Iowa St,Maryland,0.56290978904075117
Iowa St,Miami FL,0.35963634840255881
Iowa St,Michigan,0.55501114879563107
Iowa St,Michigan St,0.18972425488225325
Iowa St,MTSU,0.79445084387178444
Iowa St,North Carolina,0.24097955595641077
Iowa St,Northern Iowa,0.43173156612250763
Iowa St,Notre Dame,0.52714131213716331
Iowa St,Oklahoma,0.50289470933712677
Iowa St,Oregon,0.14686290699191648
Iowa St,Oregon St,0.73945944148148846
Iowa St,Pittsburgh,0.28544664897299998
Iowa St,Providence,0.57631696165885349
Iowa St,Purdue,0.46155514700887168
Iowa St,S Dakota St,0.77532861983849444
Iowa St,Seton Hall,0.3291120866230014
Iowa St,SF Austin,0.68023658982642998
Iowa St,Southern Univ,0.86646292212021891
Iowa St,St Joseph's PA,0.66604878211186946
Iowa St,Stony Brook,0.75691815529809747
Iowa St,Syracuse,0.64752238588831124
Iowa St,Temple,0.62376956823506813
Iowa St,Texas,0.52983884093945499
Iowa St,Texas A&M,0.26699879671348381
Iowa St,Texas Tech,0.48677036544863872
Iowa St,Tulsa,0.47932049028073809
Iowa St,UNC Asheville,0.84860315767754724
Iowa St,UNC Wilmington,0.78084944799096723
Iowa St,USC,0.68979791773774823
Iowa St,Utah,0.61488385166147164
Iowa St,VA Commonwealth,0.54091690948778426
Iowa St,Vanderbilt,0.70444169768239429
Iowa St,Villanova,0.18987978870504019
Iowa St,Virginia,0.19407668679358175
Iowa St,Weber St,0.83973432697942441
Iowa St,West Virginia,0.44699065425569307
Iowa St,WI Green Bay,0.72860944862320876
Iowa St,Wichita St,0.68921136448186726
Iowa St,Wisconsin,0.57343169289883178
Iowa St,Xavier,0.50014696722891661
Iowa St,Yale,0.68097733263370541
Kansas,Kentucky,0.57734694454151547
Kansas,Maryland,0.55886920371982907
Kansas,Miami FL,0.35312226118004886
Kansas,Michigan,0.76742448360359372
Kansas,Michigan St,0.61443118869953683
Kansas,MTSU,0.83593278216870404
Kansas,North Carolina,0.62041979747920339
Kansas,Northern Iowa,0.7946740676365478
Kansas,Notre Dame,0.58145836151639541
Kansas,Oklahoma,0.59113273635189767
Kansas,Oregon,0.58064281847740462
Kansas,Oregon St,0.75148370594323732
Kansas,Pittsburgh,0.74303691882797906
Kansas,Providence,0.7298343738705223
Kansas,Purdue,0.55659642261441988
Kansas,S Dakota St,0.77835625206484949
Kansas,Seton Hall,0.58429164744037343
Kansas,SF Austin,0.7432786530905201
Kansas,Southern Univ,0.87455542279856857
Kansas,St Joseph's PA,0.77945477722417245
Kansas,Stony Brook,0.77724017211910512
Kansas,Syracuse,0.75866097720988068
Kansas,Temple,0.78720479444274138
Kansas,Texas,0.73494724677569145
Kansas,Texas A&M,0.6151635389547998
Kansas,Texas Tech,0.79916173207566366
Kansas,Tulsa,0.79246145309904681
Kansas,UNC Asheville,0.87235532078262734
Kansas,UNC Wilmington,0.81735971837706256
Kansas,USC,0.80190857820689254
Kansas,Utah,0.61215171519643607
Kansas,VA Commonwealth,0.75030172197899192
Kansas,Vanderbilt,0.76684502854060055
Kansas,Villanova,0.56917318360534275
Kansas,Virginia,0.37521442977166486
Kansas,Weber St,0.8599405907274611
Kansas,West Virginia,0.37886560107993172
Kansas,WI Green Bay,0.82088287503832214
Kansas,Wichita St,0.64794456620854723
Kansas,Wisconsin,0.62584805376850783
Kansas,Xavier,0.33528993400389939
Kansas,Yale,0.8170715962624725
Kentucky,Maryland,0.68839750925045795
Kentucky,Miami FL,0.63350965339575804
Kentucky,Michigan,0.64297557622280888
Kentucky,Michigan St,0.50253400677927096
Kentucky,MTSU,0.82724207847087317
Kentucky,North Carolina,0.50613470409783456
Kentucky,Northern Iowa,0.67167122007909774
Kentucky,Notre Dame,0.70840717899942263
Kentucky,Oklahoma,0.42353582174163473
Kentucky,Oregon,0.31507955747705674
Kentucky,Oregon St,0.72922577727990623
Kentucky,Pittsburgh,0.66918461074618141
Kentucky,Providence,0.70700215786933196
Kentucky,Purdue,0.63643949442127123
Kentucky,S Dakota St,0.8109413791169765
Kentucky,Seton Hall,0.71101341817619212
Kentucky,SF Austin,0.77017563894132479
Kentucky,Southern Univ,0.87328993859904136
Kentucky,St Joseph's PA,0.7053514894167433
Kentucky,Stony Brook,0.83148697584889608
Kentucky,Syracuse,0.68423290108246015
Kentucky,Temple,0.71354782408107076
Kentucky,Texas,0.71168754273228663
Kentucky,Texas A&M,0.64395758047377871
Kentucky,Texas Tech,0.77663153310986799
Kentucky,Tulsa,0.46925076611282934
Kentucky,UNC Asheville,0.81812698132123818
Kentucky,UNC Wilmington,0.51619406576482874
Kentucky,USC,0.77958876139778732
Kentucky,Utah,0.64124044892565235
Kentucky,VA Commonwealth,0.57610170118379789
Kentucky,Vanderbilt,0.64239519079628238
Kentucky,Villanova,0.25372781916675979
Kentucky,Virginia,0.31083496277123857
Kentucky,Weber St,0.85272924368682423
Kentucky,West Virginia,0.46367533280242029
Kentucky,WI Green Bay,0.76436405609697067
Kentucky,Wichita St,0.6738607792776079
Kentucky,Wisconsin,0.65332876301702569
Kentucky,Xavier,0.46879875779048269
Kentucky,Yale,0.76769287195077296
Maryland,Miami FL,0.26441526204368393
Maryland,Michigan,0.61393453853807889
Maryland,Michigan St,0.24116524665093197
Maryland,MTSU,0.80309390254482194
Maryland,North Carolina,0.24264670941232636
Maryland,Northern Iowa,0.64168706014411014
Maryland,Notre Dame,0.53399254732446388
Maryland,Oklahoma,0.60549804572273347
Maryland,Oregon,0.24889055003857935
Maryland,Oregon St,0.44952542653297389
Maryland,Pittsburgh,0.59300257463233663
Maryland,Providence,0.58300864970995936
Maryland,Purdue,0.46674092635055231
Maryland,S Dakota St,0.78490099441081451
Maryland,Seton Hall,0.53614030776638699
Maryland,SF Austin,0.39016876747672002
Maryland,Southern Univ,0.82142520787175155
Maryland,St Joseph's PA,0.62552525867504816
Maryland,Stony Brook,0.71521286430342035
Maryland,Syracuse,0.65600589192697878
Maryland,Temple,0.58351704875688071
Maryland,Texas,0.58685232787433272
Maryland,Texas A&M,0.27270716415431639
Maryland,Texas Tech,0.74680713731850357
Maryland,Tulsa,0.73922470389357364
Maryland,UNC Asheville,0.76020761068629916
Maryland,UNC Wilmington,0.74021228409992679
Maryland,USC,0.59985826976481327
Maryland,Utah,0.52025042549068146
Maryland,VA Commonwealth,0.64890991718909552
Maryland,Vanderbilt,0.7133610194466542
Maryland,Villanova,0.24234388728614115
Maryland,Virginia,0.19579835575121146
Maryland,Weber St,0.79305423855237112
Maryland,West Virginia,0.59959750053451766
Maryland,WI Green Bay,0.63805622953628249
Maryland,Wichita St,0.69704002293038614
Maryland,Wisconsin,0.32990982740640062
Maryland,Xavier,0.60283695618308297
Maryland,Yale,0.59033153280815676
Miami FL,Michigan,0.41258280182166412
Miami FL,Michigan St,0.59157554164679682
Miami FL,MTSU,0.70183199273936947
Miami FL,North Carolina,0.59319304311002208
Miami FL,Northern Iowa,0.69022974954378147
Miami FL,Notre Dame,0.23287856706762783
Miami FL,Oklahoma,0.5564495559253404
Miami FL,Oregon,0.29993191369323241
Miami FL,Oregon St,0.74806059303304884
Miami FL,Pittsburgh,0.39180602053725594
Miami FL,Providence,0.23191355069155645
Miami FL,Purdue,0.31582650946440333
Miami FL,S Dakota St,0.73351903689080711
Miami FL,Seton Hall,0.23500546415996187
Miami FL,SF Austin,0.73871340165989152
Miami FL,Southern Univ,0.87072234954023475
Miami FL,St Joseph's PA,0.42411422135172727
Miami FL,Stony Brook,0.71501618307847981
Miami FL,Syracuse,0.4047031001656366
Miami FL,Temple,0.68207871176755053
Miami FL,Texas,0.58571923384943902
Miami FL,Texas A&M,0.27172956786173774
Miami FL,Texas Tech,0.74534381012667872
Miami FL,Tulsa,0.68777176940854123
Miami FL,UNC Asheville,0.80900071496066472
Miami FL,UNC Wilmington,0.78885825318084102
Miami FL,USC,0.69839370943059376
Miami FL,Utah,0.26947978816795898
Miami FL,VA Commonwealth,0.39766289331427618
Miami FL,Vanderbilt,0.41200971583034973
Miami FL,Villanova,0.54185162647876495
Miami FL,Virginia,0.19668619616429328
Miami FL,Weber St,0.83855671900992645
Miami FL,West Virginia,0.24955953137283454
Miami FL,WI Green Bay,0.78669108878787475
Miami FL,Wichita St,0.64581191188603315
Miami FL,Wisconsin,0.32884006979687797
Miami FL,Xavier,0.25311025575182355
Miami FL,Yale,0.63897863206322891
Michigan,Michigan St,0.23169245164647714
Michigan,MTSU,0.74654119154142695
Michigan,North Carolina,0.18198260797906832
Michigan,Northern Iowa,0.28788014912054133
Michigan,Notre Dame,0.44875117784792268
Michigan,Oklahoma,0.43672998838752974
Michigan,Oregon,0.53425637022507466
Michigan,Oregon St,0.64399867620539497
Michigan,Pittsburgh,0.25594379996961159
Michigan,Providence,0.5495416054424872
Michigan,Purdue,0.49038964102056587
Michigan,S Dakota St,0.62628864013402519
Michigan,Seton Hall,0.45031014928811797
Michigan,SF Austin,0.63664534010948182
Michigan,Southern Univ,0.80460156130227167
Michigan,St Joseph's PA,0.5762366762706902
Michigan,Stony Brook,0.76115645737107762
Michigan,Syracuse,0.21354073864087655
Michigan,Temple,0.63191185610551814
Michigan,Texas,0.55223202893236667
Michigan,Texas A&M,0.19468405218753054
Michigan,Texas Tech,0.34183984558000363
Michigan,Tulsa,0.38602460867099353
Michigan,UNC Asheville,0.82645121007408262
Michigan,UNC Wilmington,0.68187470630056379
Michigan,USC,0.69445358776465116
Michigan,Utah,0.44149524343362084
Michigan,VA Commonwealth,0.30937727240595675
Michigan,Vanderbilt,0.51809701844659006
Michigan,Villanova,0.23200682769125602
Michigan,Virginia,0.23295890794409926
Michigan,Weber St,0.75677070642826527
Michigan,West Virginia,0.13382585513907311
Michigan,WI Green Bay,0.67958908396303619
Michigan,Wichita St,0.45844058524160913
Michigan,Wisconsin,0.14627933000177057
Michigan,Xavier,0.48522528108126983
Michigan,Yale,0.68200851517651961
Michigan St,MTSU,0.5969260180017617
Michigan St,North Carolina,0.62595773338963367
Michigan St,Northern Iowa,0.55277469752876951
Michigan St,Notre Dame,0.64094379323469863
Michigan St,Oklahoma,0.59860450697608603
Michigan St,Oregon,0.6871801113364594
Michigan St,Oregon St,0.50912319945132345
Michigan St,Pittsburgh,0.7026637155841553
Michigan St,Providence,0.48926572817487396
Michigan St,Purdue,0.66513389203402706
Michigan St,S Dakota St,0.58567618657214693
Michigan St,Seton Hall,0.59382786212122163
Michigan St,SF Austin,0.45144469452692937
Michigan St,Southern Univ,0.82509027300833593
Michigan St,St Joseph's PA,0.48837297724841072
Michigan St,Stony Brook,0.84142781642481546
Michigan St,Syracuse,0.71819777548349417
Michigan St,Temple,0.5457578844740304
Michigan St,Texas,0.69447981729033548
Michigan St,Texas A&M,0.62408866114044348
Michigan St,Texas Tech,0.70696511618449964
Michigan St,Tulsa,0.70069939067767895
Michigan St,UNC Asheville,0.87181419112412895
Michigan St,UNC Wilmington,0.53865530069351575
Michigan St,USC,0.5095855240269499
Michigan St,Utah,0.57097152734938494
Michigan St,VA Commonwealth,0.70992940771397273
Michigan St,Vanderbilt,0.6762005456352802
Michigan St,Villanova,0.57333233883832946
Michigan St,Virginia,0.28117939739910852
Michigan St,Weber St,0.86160531726784906
Michigan St,West Virginia,0.58522464922410689
Michigan St,WI Green Bay,0.83810989941127789
Michigan St,Wichita St,0.45758042055538084
Michigan St,Wisconsin,0.68519429731083958
Michigan St,Xavier,0.59226179184241778
Michigan St,Yale,0.78868034422391498
MTSU,North Carolina,0.12448474234273077
MTSU,Northern Iowa,0.24336081163098075
MTSU,Notre Dame,0.13164255706265443
MTSU,Oklahoma,0.27712602582972717
MTSU,Oregon,0.22598178184842699
MTSU,Oregon St,0.24705744375681379
MTSU,Pittsburgh,0.23361106193289596
MTSU,Providence,0.13208070192198768
MTSU,Purdue,0.17877753403689206
MTSU,S Dakota St,0.36577662915374298
MTSU,Seton Hall,0.18235456029909547
MTSU,SF Austin,0.49382430589833332
MTSU,Southern Univ,0.82172418149244497
MTSU,St Joseph's PA,0.49000567331931955
MTSU,Stony Brook,0.28898811298348959
MTSU,Syracuse,0.48617012087215006
MTSU,Temple,0.14223630716264421
MTSU,Texas,0.13312954849001793
MTSU,Texas A&M,0.13056140293778978
MTSU,Texas Tech,0.19545147791370737
MTSU,Tulsa,0.29330991347807844
MTSU,UNC Asheville,0.68448208285291945
MTSU,UNC Wilmington,0.46916478105874493
MTSU,USC,0.19776875862367418
MTSU,Utah,0.1293923016449266
MTSU,VA Commonwealth,0.53479180394768444
MTSU,Vanderbilt,0.18688540716748347
MTSU,Villanova,0.17471472538594623
MTSU,Virginia,0.12540192412880441
MTSU,Weber St,0.7325038182132565
MTSU,West Virginia,0.12615213369401607
MTSU,WI Green Bay,0.16771024148187302
MTSU,Wichita St,0.23467938736338034
MTSU,Wisconsin,0.38107213218952585
MTSU,Xavier,0.17662430115650879
MTSU,Yale,0.46921640976885598
North Carolina,Northern Iowa,0.79004352799684729
North Carolina,Notre Dame,0.62647172843500498
North Carolina,Oklahoma,0.53724424340615518
North Carolina,Oregon,0.67720763553807029
North Carolina,Oregon St,0.69705042730137157
North Carolina,Pittsburgh,0.73792742826719215
North Carolina,Providence,0.6748852393016137
North Carolina,Purdue,0.65216315749500253
North Carolina,S Dakota St,0.82685434961565085
North Carolina,Seton Hall,0.62926748811616884
North Carolina,SF Austin,0.68862069326750808
North Carolina,Southern Univ,0.87421279572311494
North Carolina,St Joseph's PA,0.77449777990689284
North Carolina,Stony Brook,0.83009970771762831
North Carolina,Syracuse,0.70351173567370717
North Carolina,Temple,0.78238879020668617
North Carolina,Texas,0.67992605211285306
North Carolina,Texas A&M,0.66051884664827587
North Carolina,Texas Tech,0.69465756206787965
North Carolina,Tulsa,0.63777363986422297
North Carolina,UNC Asheville,0.87009399304994406
North Carolina,UNC Wilmington,0.5768479343701729
North Carolina,USC,0.74745918739023121
North Carolina,Utah,0.60756552920017703
North Carolina,VA Commonwealth,0.69515421276778899
North Carolina,Vanderbilt,0.66173942961488952
North Carolina,Villanova,0.6157661790439557
North Carolina,Virginia,0.2720495617883566
North Carolina,Weber St,0.8555079125964542
North Carolina,West Virginia,0.37551512147838478
North Carolina,WI Green Bay,0.82973339824566938
North Carolina,Wichita St,0.69280763545836499
North Carolina,Wisconsin,0.62095441755414449
North Carolina,Xavier,0.28164603921968201
North Carolina,Yale,0.82689764466766735
Northern Iowa,Notre Dame,0.54172485106526891
Northern Iowa,Oklahoma,0.48406602363942558
Northern Iowa,Oregon,0.13206749324613237
Northern Iowa,Oregon St,0.47782637307052345
Northern Iowa,Pittsburgh,0.19709194007016856
Northern Iowa,Providence,0.4916292026433019
Northern Iowa,Purdue,0.28670132684000044
Northern Iowa,S Dakota St,0.45601546006412486
Northern Iowa,Seton Hall,0.24288874496533427
Northern Iowa,SF Austin,0.37168924369639722
Northern Iowa,Southern Univ,0.84453656384484965
Northern Iowa,St Joseph's PA,0.3633529399504748
Northern Iowa,Stony Brook,0.43918346426066446
Northern Iowa,Syracuse,0.40289029754638522
Northern Iowa,Temple,0.26777379377922855
Northern Iowa,Texas,0.19322878182724046
Northern Iowa,Texas A&M,0.23878542457099888
Northern Iowa,Texas Tech,0.57603159247052538
Northern Iowa,Tulsa,0.62124592633621079
Northern Iowa,UNC Asheville,0.82604030437521303
Northern Iowa,UNC Wilmington,0.66113957928769118
Northern Iowa,USC,0.67836263791764995
Northern Iowa,Utah,0.23779204643610422
Northern Iowa,VA Commonwealth,0.49930668833796876
Northern Iowa,Vanderbilt,0.55685266419169488
Northern Iowa,Villanova,0.17988281090530156
Northern Iowa,Virginia,0.43088588450886844
Northern Iowa,Weber St,0.73717932757571769
Northern Iowa,West Virginia,0.28174683973651005
Northern Iowa,WI Green Bay,0.7090236353562267
Northern Iowa,Wichita St,0.14762896870130918
Northern Iowa,Wisconsin,0.24098889667712642
Northern Iowa,Xavier,0.23286257340741476
Northern Iowa,Yale,0.31125696329957775
Notre Dame,Oklahoma,0.4966299908845252
Notre Dame,Oregon,0.49170916298408279
Notre Dame,Oregon St,0.7274824430009782
Notre Dame,Pittsburgh,0.52682891241913976
Notre Dame,Providence,0.56866458284940469
Notre Dame,Purdue,0.50550890633223333
Notre Dame,S Dakota St,0.66334483626158558
Notre Dame,Seton Hall,0.57108831371195845
Notre Dame,SF Austin,0.71854403423785773
Notre Dame,Southern Univ,0.86613043404536738
Notre Dame,St Joseph's PA,0.55506036921994883
Notre Dame,Stony Brook,0.74653009304961682
Notre Dame,Syracuse,0.33781509226992829
Notre Dame,Temple,0.61238331824739745
Notre Dame,Texas,0.62183151814216342
Notre Dame,Texas A&M,0.31040428037033807
Notre Dame,Texas Tech,0.7248678828246593
Notre Dame,Tulsa,0.71767770998035607
Notre Dame,UNC Asheville,0.74969755666829596
Notre Dame,UNC Wilmington,0.71902326968476504
Notre Dame,USC,0.6278368738070268
Notre Dame,Utah,0.25796285365292748
Notre Dame,VA Commonwealth,0.53179423437260354
Notre Dame,Vanderbilt,0.69419334757491014
Notre Dame,Villanova,0.18744384156534111
Notre Dame,Virginia,0.23948687936581436
Notre Dame,Weber St,0.53412331952211356
Notre Dame,West Virginia,0.54223683518060151
Notre Dame,WI Green Bay,0.71671814013358714
Notre Dame,Wichita St,0.5802801661064525
Notre Dame,Wisconsin,0.56601225816157619
Notre Dame,Xavier,0.44463921957817881
Notre Dame,Yale,0.71915795723334652
Oklahoma,Oregon,0.26465237892584803
Oklahoma,Oregon St,0.67834786642050782
Oklahoma,Pittsburgh,0.66832507125878715
Oklahoma,Providence,0.60620836313192039
Oklahoma,Purdue,0.5357916690371296
Oklahoma,S Dakota St,0.76016172164022278
Oklahoma,Seton Hall,0.61019228076607557
Oklahoma,SF Austin,0.71926937715148265
Oklahoma,Southern Univ,0.87335500609567218
Oklahoma,St Joseph's PA,0.75442115117853126
Oklahoma,Stony Brook,0.83652820796056671
Oklahoma,Syracuse,0.68332186669298012
Oklahoma,Temple,0.76262603754106129
Oklahoma,Texas,0.66086754724974495
Oklahoma,Texas A&M,0.59325500315669255
Oklahoma,Texas Tech,0.67574404714935676
Oklahoma,Tulsa,0.66834122594856282
Oklahoma,UNC Asheville,0.86574858395734355
Oklahoma,UNC Wilmington,0.56465038109070442
Oklahoma,USC,0.72870859771752872
Oklahoma,Utah,0.64055350719432691
Oklahoma,VA Commonwealth,0.32521503880999086
Oklahoma,Vanderbilt,0.69146936640565837
Oklahoma,Villanova,0.50327684163808528
Oklahoma,Virginia,0.31046064755024738
Oklahoma,Weber St,0.84647018932556228
Oklahoma,West Virginia,0.61326513767280055
Oklahoma,WI Green Bay,0.81281584603704238
Oklahoma,Wichita St,0.72298376485971039
Oklahoma,Wisconsin,0.60255339808578112
Oklahoma,Xavier,0.5183288274846809
Oklahoma,Yale,0.81570068008896301
Oregon,Oregon St,0.68167013572289237
Oregon,Pittsburgh,0.27162108760732673
Oregon,Providence,0.35927722855264121
Oregon,Purdue,0.58834840358846063
Oregon,S Dakota St,0.81281311526129463
Oregon,Seton Hall,0.71335604480722414
Oregon,SF Austin,0.72269763603182791
Oregon,Southern Univ,0.87328601886563628
Oregon,St Joseph's PA,0.45794503582845436
Oregon,Stony Brook,0.83577433650411892
Oregon,Syracuse,0.38679142181380943
Oregon,Temple,0.46611413985678685
Oregon,Texas,0.46402733775426341
Oregon,Texas A&M,0.39600467797959837
Oregon,Texas Tech,0.47910184711627724
Oregon,Tulsa,0.47178193286040493
Oregon,UNC Asheville,0.81779672489684185
Oregon,UNC Wilmington,0.51743051507313842
Oregon,USC,0.78203915588673389
Oregon,Utah,0.64324817815653101
Oregon,VA Commonwealth,0.27860333469116499
Oregon,Vanderbilt,0.44498592120348468
Oregon,Villanova,0.20372049144026799
Oregon,Virginia,0.26106602552592806
Oregon,Weber St,0.85212000596459836
Oregon,West Virginia,0.66497711629324585
Oregon,WI Green Bay,0.7656254610494988
Oregon,Wichita St,0.32633937410986313
Oregon,Wisconsin,0.60555807744897183
Oregon,Xavier,0.5702540607467137
Oregon,Yale,0.76890403818709119
Oregon St,Pittsburgh,0.19297876628350741
Oregon St,Providence,0.48928734425894971
Oregon St,Purdue,0.2347963406679921
Oregon St,S Dakota St,0.54760732252308231
Oregon St,Seton Hall,0.19032928517414122
Oregon St,SF Austin,0.31581366920361709
Oregon St,Southern Univ,0.84140626610516112
Oregon St,St Joseph's PA,0.50774058545718592
Oregon St,Stony Brook,0.67947430614832927
Oregon St,Syracuse,0.39788701008960276
Oregon St,Temple,0.26078258445824942
Oregon St,Texas,0.29073056898562649
Oregon St,Texas A&M,0.18675474924976049
Oregon St,Texas Tech,0.51978754914352376
Oregon St,Tulsa,0.56544592986403552
Oregon St,UNC Asheville,0.82412857915748194
Oregon St,UNC Wilmington,0.70246226899234476
Oregon St,USC,0.57199423086260304
Oregon St,Utah,0.23578543676965841
Oregon St,VA Commonwealth,0.3948643416031703
Oregon St,Vanderbilt,0.552493135640727
Oregon St,Villanova,0.1285255324862925
Oregon St,Virginia,0.52945663703754919
Oregon St,Weber St,0.47787185964940226
Oregon St,West Virginia,0.18040108682886374
Oregon St,WI Green Bay,0.50044733135453823
Oregon St,Wichita St,0.14357725144223618
Oregon St,Wisconsin,0.2386301356405226
Oregon St,Xavier,0.18130558445573336
Oregon St,Yale,0.65256971801802877
Pittsburgh,Providence,0.56290477576230902
Pittsburgh,Purdue,0.35018431515811688
Pittsburgh,S Dakota St,0.50480067208196999
Pittsburgh,Seton Hall,0.2642682715571415
Pittsburgh,SF Austin,0.71062900931074813
Pittsburgh,Southern Univ,0.86261568209727923
Pittsburgh,St Joseph's PA,0.29774250048331397
Pittsburgh,Stony Brook,0.63883066008481704
Pittsburgh,Syracuse,0.53147514165282028
Pittsburgh,Temple,0.55473718042246389
Pittsburgh,Texas,0.56661649242780343
Pittsburgh,Texas A&M,0.45598712666801289
Pittsburgh,Texas Tech,0.66675338317300947
Pittsburgh,Tulsa,0.60980775643653407
Pittsburgh,UNC Asheville,0.84345513431378971
Pittsburgh,UNC Wilmington,0.66053730663588994
Pittsburgh,USC,0.41966271997015958
Pittsburgh,Utah,0.60170531430163243
Pittsburgh,VA Commonwealth,0.27587690326650049
Pittsburgh,Vanderbilt,0.33745098800338558
Pittsburgh,Villanova,0.18657299454403692
Pittsburgh,Virginia,0.18793884144431977
Pittsburgh,Weber St,0.57751394965074354
Pittsburgh,West Virginia,0.48924286933723332
Pittsburgh,WI Green Bay,0.65820629047649537
Pittsburgh,Wichita St,0.62449817570265598
Pittsburgh,Wisconsin,0.30859161396549056
Pittsburgh,Xavier,0.19123416187101691
Pittsburgh,Yale,0.7106748117468058
Providence,Purdue,0.5047797681268158
Providence,S Dakota St,0.76179777054097308
Providence,Seton Hall,0.52027696420054892
Providence,SF Austin,0.7171108837858815
Providence,Southern Univ,0.81582084460836013
Providence,St Joseph's PA,0.60375723846562523
Providence,Stony Brook,0.74519789003681958
Providence,Syracuse,0.58673129895675058
Providence,Temple,0.61100815043476231
Providence,Texas,0.57102346127476211
Providence,Texas A&M,0.30981756016005557
Providence,Texas Tech,0.67339256741772868
Providence,Tulsa,0.66625419112899897
Providence,UNC Asheville,0.84798067174814307
Providence,UNC Wilmington,0.76749345077099107
Providence,USC,0.72634910373850159
Providence,Utah,0.50647471706920888
Providence,VA Commonwealth,0.58080672848267056
Providence,Vanderbilt,0.64301862215344407
Providence,Villanova,0.13768133604141752
Providence,Virginia,0.28897270998877822
Providence,Weber St,0.78462253435821416
Providence,West Virginia,0.49151096020719043
Providence,WI Green Bay,0.66518091883048081
Providence,Wichita St,0.52932381420545915
Providence,Wisconsin,0.2641952614719314
Providence,Xavier,0.49378655130978621
Providence,Yale,0.7176285948623734
Purdue,S Dakota St,0.69339579670298201
Purdue,Seton Hall,0.24328171046888469
Purdue,SF Austin,0.69946589384628632
Purdue,Southern Univ,0.87187338862401365
Purdue,St Joseph's PA,0.68458043733412555
Purdue,Stony Brook,0.77244028981125112
Purdue,Syracuse,0.36434648337557873
Purdue,Temple,0.64273130312246596
Purdue,Texas,0.59398100389569108
Purdue,Texas A&M,0.22867837473960034
Purdue,Texas Tech,0.70612467884239871
Purdue,Tulsa,0.6985117187894101
Purdue,UNC Asheville,0.81154381365421102
Purdue,UNC Wilmington,0.74847561227117376
Purdue,USC,0.70917210182959012
Purdue,Utah,0.52627038156688599
Purdue,VA Commonwealth,0.65686027471140052
Purdue,Vanderbilt,0.62203139359146453
Purdue,Villanova,0.29436790722481682
Purdue,Virginia,0.14962167002320981
Purdue,Weber St,0.54621769120002672
Purdue,West Virginia,0.55388467205066017
Purdue,WI Green Bay,0.79641092741498365
Purdue,Wichita St,0.60485603999086945
Purdue,Wisconsin,0.58657118163505839
Purdue,Xavier,0.55775741502708476
Purdue,Yale,0.69858556251393
S Dakota St,Seton Hall,0.13391822583423907
S Dakota St,SF Austin,0.24828513680244502
S Dakota St,Southern Univ,0.82954451640688465
S Dakota St,St Joseph's PA,0.49268686369022052
S Dakota St,Stony Brook,0.29717583436680883
S Dakota St,Syracuse,0.13832228792775267
S Dakota St,Temple,0.49521010165326218
S Dakota St,Texas,0.18467672125470819
S Dakota St,Texas A&M,0.13176796700246068
S Dakota St,Texas Tech,0.20015546871915077
S Dakota St,Tulsa,0.24760280051576758
S Dakota St,UNC Asheville,0.69384767182326723
S Dakota St,UNC Wilmington,0.22550983792284657
S Dakota St,USC,0.25274531211148366
S Dakota St,Utah,0.18058105016714993
S Dakota St,VA Commonwealth,0.18665985158753756
S Dakota St,Vanderbilt,0.18915084762794188
S Dakota St,Villanova,0.12527889063463971
S Dakota St,Virginia,0.12599711627538199
S Dakota St,Weber St,0.69269332964778685
S Dakota St,West Virginia,0.1268608855387891
S Dakota St,WI Green Bay,0.37392395720657046
S Dakota St,Wichita St,0.33644668592972293
S Dakota St,Wisconsin,0.18247334975790691
S Dakota St,Xavier,0.1774494788690566
S Dakota St,Yale,0.52557462099478758
Seton Hall,SF Austin,0.71533149376432859
Seton Hall,Southern Univ,0.86753679862751798
Seton Hall,St Joseph's PA,0.60210385536567712
Seton Hall,Stony Brook,0.69348561827057253
Seton Hall,Syracuse,0.53528675797590619
Seton Hall,Temple,0.55928529053686726
Seton Hall,Texas,0.61983810015273799
Seton Hall,Texas A&M,0.60883844525289632
Seton Hall,Texas Tech,0.72157159847900598
Seton Hall,Tulsa,0.71448424805297861
Seton Hall,UNC Asheville,0.80189188556408397
Seton Hall,UNC Wilmington,0.7156046618502685
Seton Hall,USC,0.62451580047987409
Seton Hall,Utah,0.25556381084899427
Seton Hall,VA Commonwealth,0.57945302836080503
Seton Hall,Vanderbilt,0.69148787657655997
Seton Hall,Villanova,0.4366149959551423
Seton Hall,Virginia,0.288393705096197
Seton Hall,Weber St,0.53388864984708717
Seton Hall,West Virginia,0.49092419245470176
Seton Hall,WI Green Bay,0.71328594751901409
Seton Hall,Wichita St,0.57799943847345681
Seton Hall,Wisconsin,0.2131385710160309
Seton Hall,Xavier,0.49314694143046367
Seton Hall,Yale,0.46574081530065836
SF Austin,Southern Univ,0.53390611873462634
SF Austin,St Joseph's PA,0.20262209275252752
SF Austin,Stony Brook,0.41689850970891029
SF Austin,Syracuse,0.19488487095589563
SF Austin,Temple,0.35621714374164426
SF Austin,Texas,0.28797858987379138
SF Austin,Texas A&M,0.53458842755610292
SF Austin,Texas Tech,0.26247036297167009
SF Austin,Tulsa,0.25871400657556276
SF Austin,UNC Asheville,0.76473849383248571
SF Austin,UNC Wilmington,0.64169117709704604
SF Austin,USC,0.31451132671804616
SF Austin,Utah,0.43364906643143764
SF Austin,VA Commonwealth,0.24223293406015672
SF Austin,Vanderbilt,0.19760136337554934
SF Austin,Villanova,0.17746535226681309
SF Austin,Virginia,0.27832286548556884
SF Austin,Weber St,0.76497061157807256
SF Austin,West Virginia,0.12916442818502061
SF Austin,WI Green Bay,0.23983294307687236
SF Austin,Wichita St,0.14114519519036139
SF Austin,Wisconsin,0.13605343261181985
SF Austin,Xavier,0.37991727273569592
SF Austin,Yale,0.59178278029552289
Southern Univ,St Joseph's PA,0.17485481971640093
Southern Univ,Stony Brook,0.23016949591268066
Southern Univ,Syracuse,0.12326900405954397
Southern Univ,Temple,0.17526802409180003
Southern Univ,Texas,0.12282831815008396
Southern Univ,Texas A&M,0.12197848806759835
Southern Univ,Texas Tech,0.2251778502103739
Southern Univ,Tulsa,0.22481022373276194
Southern Univ,UNC Asheville,0.55405694365416813
Southern Univ,UNC Wilmington,0.37769683447026448
Southern Univ,USC,0.12514309365476348
Southern Univ,Utah,0.12112386661823679
Southern Univ,VA Commonwealth,0.12294501101132038
Southern Univ,Vanderbilt,0.17318698997696963
Southern Univ,Villanova,0.12004650584613889
Southern Univ,Virginia,0.12063175426216668
Southern Univ,Weber St,0.13811155968760574
Southern Univ,West Virginia,0.12046922752806172
Southern Univ,WI Green Bay,0.17710779986025377
Southern Univ,Wichita St,0.12347294914012218
Southern Univ,Wisconsin,0.12153440824284178
Southern Univ,Xavier,0.12054659235236356
Southern Univ,Yale,0.12767041975363652
St Joseph's PA,Stony Brook,0.75650637326465953
St Joseph's PA,Syracuse,0.51119892032782654
St Joseph's PA,Temple,0.27873521746871632
St Joseph's PA,Texas,0.24920693406088956
St Joseph's PA,Texas A&M,0.14242902473249616
St Joseph's PA,Texas Tech,0.63826609802517331
St Joseph's PA,Tulsa,0.63267011700014608
St Joseph's PA,UNC Asheville,0.77932168633643517
St Joseph's PA,UNC Wilmington,0.62734570370909792
St Joseph's PA,USC,0.64082041706131698
St Joseph's PA,Utah,0.14054150142409869
St Joseph's PA,VA Commonwealth,0.35715092133308596
St Joseph's PA,Vanderbilt,0.51552289195413803
St Joseph's PA,Villanova,0.18136703133915924
St Joseph's PA,Virginia,0.43246911990367615
St Joseph's PA,Weber St,0.55249158890151318
St Joseph's PA,West Virginia,0.48340968950692326
St Joseph's PA,WI Green Bay,0.62508796610689432
St Joseph's PA,Wichita St,0.20485798822622098
St Joseph's PA,Wisconsin,0.19427951797537257
St Joseph's PA,Xavier,0.2347394589828562
St Joseph's PA,Yale,0.67747685823276482
Stony Brook,Syracuse,0.43510379886683281
Stony Brook,Temple,0.24053309716815963
Stony Brook,Texas,0.18224165678043303
Stony Brook,Texas A&M,0.17993885777581353
Stony Brook,Texas Tech,0.54335573630142775
Stony Brook,Tulsa,0.44125688127123763
Stony Brook,UNC Asheville,0.72509721540223315
Stony Brook,UNC Wilmington,0.4638149481229793
Stony Brook,USC,0.1444442558419598
Stony Brook,Utah,0.12847699662935838
Stony Brook,VA Commonwealth,0.233696224850479
Stony Brook,Vanderbilt,0.28598816195304083
Stony Brook,Villanova,0.12454216766563661
Stony Brook,Virginia,0.12604871488918876
Stony Brook,Weber St,0.32295581331756629
Stony Brook,West Virginia,0.22578985059694912
Stony Brook,WI Green Bay,0.56213800114292412
Stony Brook,Wichita St,0.13362052756798076
Stony Brook,Wisconsin,0.17988460973081327
Stony Brook,Xavier,0.17618382471835758
Stony Brook,Yale,0.1638544079643684
Syracuse,Temple,0.54248931910165554
Syracuse,Texas,0.30663644486473579
Syracuse,Texas A&M,0.19815966017402181
Syracuse,Texas Tech,0.35349619966583112
Syracuse,Tulsa,0.34709115045164496
Syracuse,UNC Asheville,0.83903171813892974
Syracuse,UNC Wilmington,0.44578330550864093
Syracuse,USC,0.65626694984920231
Syracuse,Utah,0.19529090714731001
Syracuse,VA Commonwealth,0.21652432177808784
Syracuse,Vanderbilt,0.62695990000572854
Syracuse,Villanova,0.2842969636036532
Syracuse,Virginia,0.13536224994499582
Syracuse,Weber St,0.76726978228007903
Syracuse,West Virginia,0.48643126690775745
Syracuse,WI Green Bay,0.39344959963007398
Syracuse,Wichita St,0.56364526064320453
Syracuse,Wisconsin,0.15009982235330438
Syracuse,Xavier,0.18810504585485521
Syracuse,Yale,0.49592152258963618
Temple,Texas,0.24370598463700321
Temple,Texas A&M,0.18824833457287066
Temple,Texas Tech,0.42604047417167767
Temple,Tulsa,0.62124416798740734
Temple,UNC Asheville,0.76789097887086311
Temple,UNC Wilmington,0.61120381755635533
Temple,USC,0.57837448756546772
Temple,Utah,0.38689775409370608
Temple,VA Commonwealth,0.25004736791940813
Temple,Vanderbilt,0.25681586337631612
Temple,Villanova,0.12953909514890805
Temple,Virginia,0.18052828378143909
Temple,Weber St,0.78724675161173463
Temple,West Virginia,0.33115275571295966
Temple,WI Green Bay,0.65908650425767568
Temple,Wichita St,0.49826111498025394
Temple,Wisconsin,0.13994359212358404
Temple,Xavier,0.33220966024696275
Temple,Yale,0.41132100363387292
Texas,Texas A&M,0.3553813152164918
Texas,Texas Tech,0.71444826916248971
Texas,Tulsa,0.65760371320254551
Texas,UNC Asheville,0.85009308020740626
Texas,UNC Wilmington,0.75800956234593131
Texas,USC,0.71733219368981893
Texas,Utah,0.20215325453682681
Texas,VA Commonwealth,0.57441750919451251
Texas,Vanderbilt,0.63568521081536034
Texas,Villanova,0.1359460643879114
Texas,Virginia,0.18702612452228431
Texas,Weber St,0.77854665757377073
Texas,West Virginia,0.48894082466406341
Texas,WI Green Bay,0.70567359086714299
Texas,Wichita St,0.52308938187936382
Texas,Wisconsin,0.45906246421582819
Texas,Xavier,0.49094341486083543
Texas,Yale,0.65814722251345437
Texas A&M,Texas Tech,0.43904516071768607
Texas A&M,Tulsa,0.43155744344743574
Texas A&M,UNC Asheville,0.85586823110125376
Texas A&M,UNC Wilmington,0.7830243038527257
Texas A&M,USC,0.74208036327185289
Texas A&M,Utah,0.46568174326303063
Texas A&M,VA Commonwealth,0.34269995197383996
Texas A&M,Vanderbilt,0.40643747252845963
Texas A&M,Villanova,0.14099431184101702
Texas A&M,Virginia,0.24370700853230448
Texas A&M,Weber St,0.84354575878007088
Texas A&M,West Virginia,0.49699885082320666
Texas A&M,WI Green Bay,0.6808008818647675
Texas A&M,Wichita St,0.34095730323206364
Texas A&M,Wisconsin,0.52487762405515193
Texas A&M,Xavier,0.49989761830377705
Texas A&M,Yale,0.53315047569728724
Texas Tech,Tulsa,0.61683279254383994
Texas Tech,UNC Asheville,0.77646336205366318
Texas Tech,UNC Wilmington,0.70447081794164268
Texas Tech,USC,0.52350125961652827
Texas Tech,Utah,0.1361482460216632
Texas Tech,VA Commonwealth,0.49622197540187224
Texas Tech,Vanderbilt,0.50357915948711762
Texas Tech,Villanova,0.17896474923427311
Texas Tech,Virginia,0.57990958754794808
Texas Tech,Weber St,0.78008130243889129
Texas Tech,West Virginia,0.23075601124468875
Texas Tech,WI Green Bay,0.60243325230209488
Texas Tech,Wichita St,0.19480806153495445
Texas Tech,Wisconsin,0.13901581497439569
Texas Tech,Xavier,0.43173255406265365
Texas Tech,Yale,0.65458050024028647
Tulsa,UNC Asheville,0.77749336960924198
Tulsa,UNC Wilmington,0.70562621980372264
Tulsa,USC,0.22433448581533932
Tulsa,Utah,0.23666232814375501
Tulsa,VA Commonwealth,0.44683853270224749
Tulsa,Vanderbilt,0.30413773773814878
Tulsa,Villanova,0.17918853588619446
Tulsa,Virginia,0.53014302932405699
Tulsa,Weber St,0.7813477814788381
Tulsa,West Virginia,0.18106713344258363
Tulsa,WI Green Bay,0.65357430704101516
Tulsa,Wichita St,0.19538301129533037
Tulsa,Wisconsin,0.18963257150939272
Tulsa,Xavier,0.43203254471378572
Tulsa,Yale,0.6057373150001234
UNC Asheville,UNC Wilmington,0.43312936342164476
UNC Asheville,USC,0.12888609462233622
UNC Asheville,Utah,0.12355537670454507
UNC Asheville,VA Commonwealth,0.12451524947966361
UNC Asheville,Vanderbilt,0.37512405462266807
UNC Asheville,Villanova,0.12130731768603333
UNC Asheville,Virginia,0.12224197392568077
UNC Asheville,Weber St,0.20346452145288041
UNC Asheville,West Virginia,0.12182905865532224
UNC Asheville,WI Green Bay,0.4825470517967278
UNC Asheville,Wichita St,0.17561100503440985
UNC Asheville,Wisconsin,0.17454735368483493
UNC Asheville,Xavier,0.12219518951636806
UNC Asheville,Yale,0.18352772270959908
UNC Wilmington,USC,0.44864594863352275
UNC Wilmington,Utah,0.17923540518151848
UNC Wilmington,VA Commonwealth,0.48464497767219128
UNC Wilmington,Vanderbilt,0.43708002906668242
UNC Wilmington,Villanova,0.22484547621141637
UNC Wilmington,Virginia,0.12552368062100572
UNC Wilmington,Weber St,0.63233816496411099
UNC Wilmington,West Virginia,0.17621033183113272
UNC Wilmington,WI Green Bay,0.2677501023511536
UNC Wilmington,Wichita St,0.18453081692141265
UNC Wilmington,Wisconsin,0.3808127666740414
UNC Wilmington,Xavier,0.17665101747297374
UNC Wilmington,Yale,0.61924907500874182
USC,Utah,0.18735536088887961
USC,VA Commonwealth,0.24822213572714594
USC,Vanderbilt,0.55632040818757411
USC,Villanova,0.17928598513285493
USC,Virginia,0.4302548113582651
USC,Weber St,0.53615597040024943
USC,West Virginia,0.23129853504404413
USC,WI Green Bay,0.55803978448510427
USC,Wichita St,0.44670957518441085
USC,Wisconsin,0.1403643720317243
USC,Xavier,0.2322918042244155
USC,Yale,0.6102619181476554
Utah,VA Commonwealth,0.6472062586075974
Utah,Vanderbilt,0.61149182904256982
Utah,Villanova,0.29138968885735639
Utah,Virginia,0.14582379662354444
Utah,Weber St,0.83946959667772891
Utah,West Virginia,0.49943327313775443
Utah,WI Green Bay,0.78615906504163902
Utah,Wichita St,0.59536632287038038
Utah,Wisconsin,0.32848666195499665
Utah,Xavier,0.55288759701178503
Utah,Yale,0.63845355129830106
VA Commonwealth,Vanderbilt,0.37542402804621933
VA Commonwealth,Villanova,0.28331150139908901
VA Commonwealth,Virginia,0.23431777025164041
VA Commonwealth,Weber St,0.76555563220346146
VA Commonwealth,West Virginia,0.23529547104642423
VA Commonwealth,WI Green Bay,0.64118784666410233
VA Commonwealth,Wichita St,0.61384489161035483
VA Commonwealth,Wisconsin,0.45014832239396174
VA Commonwealth,Xavier,0.13684542180741394
VA Commonwealth,Yale,0.74365505035821466
Vanderbilt,Villanova,0.13364341989324033
Vanderbilt,Virginia,0.43486003882620056
Vanderbilt,Weber St,0.41385170653622028
Vanderbilt,West Virginia,0.23627294499555712
Vanderbilt,WI Green Bay,0.68883012163288238
Vanderbilt,Wichita St,0.41175619247589174
Vanderbilt,Wisconsin,0.24937442504051416
Vanderbilt,Xavier,0.48790092921294637
Vanderbilt,Yale,0.69128935053540608
Villanova,Virginia,0.32091564004175943
Villanova,Weber St,0.85624538082910739
Villanova,West Virginia,0.52434242973550926
Villanova,WI Green Bay,0.77784828426549335
Villanova,Wichita St,0.69124302879923716
Villanova,Wisconsin,0.36944904989122995
Villanova,Xavier,0.53041172077032051
Villanova,Yale,0.77472806673069616
Virginia,Weber St,0.59501319687772924
Virginia,West Virginia,0.25943759050035264
Virginia,WI Green Bay,0.55893610887184364
Virginia,Wichita St,0.66625987585248814
Virginia,Wisconsin,0.59649206655493892
Virginia,Xavier,0.31414388194346321
Virginia,Yale,0.45915667755319389
Weber St,West Virginia,0.22283877540788055
Weber St,WI Green Bay,0.43985570908585914
Weber St,Wichita St,0.17721521245152708
Weber St,Wisconsin,0.17523786669386146
Weber St,Xavier,0.22302195062404123
Weber St,Yale,0.19121815470163556
West Virginia,WI Green Bay,0.80673365983146716
West Virginia,Wichita St,0.36578496949728445
West Virginia,Wisconsin,0.54611494566209773
West Virginia,Xavier,0.56402939191103374
West Virginia,Yale,0.80875703679267674
WI Green Bay,Wichita St,0.18564474450242313
WI Green Bay,Wisconsin,0.43190936134061081
WI Green Bay,Xavier,0.27722231365189404
WI Green Bay,Yale,0.52421626341350458
Wichita St,Wisconsin,0.30060365841890607
Wichita St,Xavier,0.23701219435511306
Wichita St,Yale,0.7431187353031955
Wisconsin,Xavier,0.4937684198621673
Wisconsin,Yale,0.66615758497764632
Xavier,Yale,0.80704940161700489
